Index: 0
Counterexamples: [[-0.35, -1.7644039513906737, -0.4361809817827692, -0.27354941406976263], [-1.59, -1.40949109091829, -0.25, -0.25], [0.5485387959987371, -1.7922209206103605, -0.25, -0.25], [-1.8299068787318997, -1.846710518654314, -0.25, -0.0155947603181743], [0.35, -2.0, -0.46307567970828395, -0.08565508071251593], [-2.0, -1.0, -0.5, 0.25], [-1.832569857232609, -1.8192295217374386, -0.25, 0.47074890295429084], [-0.35, -1.9376077774071605, -0.25, -0.12510980438057173], [-1.59, -1.6734052492057205, -0.005893396771460846, -0.30236980635190747], [0.35, -1.7969569072874987, 0.0, -0.25], [-1.59, -1.3579786054948089, -0.24071814186016588, -0.025883552291028643], [0.35, -1.796956907287499, 0.0, -0.25], [-2.0, -1.9291832011630012, -0.061129901140223465, 0.0486346556897468], [-1.9430114469580264, -2.0, -0.1225878454144005, 0.5], [-1.59, -1.80321118929457, 0.24305901979353717, -0.25], [0.35, -1.6693001821142444, 0.25, -0.3787165836043748], [-1.59, -1.8034632370236974, 0.25, -0.25], [0.35, -1.804449139001219, 0.25, -0.25], [-1.9271462981625593, -1.717209445716709, 0.4952357369204395, -0.3406015505913603], [0.35, -1.712874526797773, 0.4237515199652135, -0.34217474680390747], [-1.59, -1.8833897099247106, 0.5, -0.18023746930267098], [0.35, -2.0, 0.5, -0.16641571220602658], [-0.35, -1.59, -0.25, -0.5], [-1.8237832776959777, -0.7439998252156996, -0.25, -0.25], [-1.8312060686022835, -0.9290319615219764, -0.25, -0.08284265654926919], [-1.6107936091314052, 0.0, -0.5, 0.25], [-1.8383459190686013, -0.4638659529719776, -0.25, 0.25], [-0.35, -1.9058126426311186, -0.075647099108444, -0.1435549184094659], [-0.017505728257117287, 0.35, -0.09483556430429156, -0.05681512067427881], [-1.9963522151352906, -0.8163543601102777, -0.05114893977539482, -0.25], [-1.9709032296719062, -0.9648845261969657, -0.08966289223874604, -0.13182280299557259], [-2.0, -1.0, -0.10760322597070937, 0.16507022643736177], [-1.9668049799626643, -0.7689356373029202, -0.09588627564305086, 0.35368994008669086], [-1.8604268937466457, -0.8074933798208356, 0.1724270516084851, -0.4688609300193787], [-0.3360968299554935, -1.8021858183364141, 0.19430418621217124, -0.25], [-1.9141836949893034, 0.9148260509875994, -0.4537038702465201, -0.5], [-1.8953479174309902, 0.07559837039834041, -0.3749381670660616, -0.02071172536046704], [-1.837508899462164, 0.0, -0.25, 0.17120824450540342], [-1.8287845240584737, 1.0, -0.25, 0.3609976629812923], [-0.35, -2.0, 0.11106534221809156, -0.05902448595303235], [-1.9554347825210119, 0.4247576903900082, -0.17098655275736827, -0.3267481793370801], [-1.9800722079215882, 0.9987179747952221, -0.0926183144130624, -0.07564892554606295], [-1.8376431039559034, 0.45981253218855206, -0.24992848264421919, 0.1813695519569597], [-1.9178613392009916, 1.0, -0.1549286227238726, 0.25], [-1.59, 0.8011421182168, 0.09154504220326193, 0.3991040039604715], [-0.35, -1.8040781818801257, 0.25, -0.25], [-1.824485012390071, 1.0, -0.25, -0.3783347737888456], [-1.8376424836817462, 1.2830758395426032, -0.25, 0.0], [-1.8177974275370774, 1.230901175534231, -0.3208453973404041, 0.09172066867162454], [0.47022561864344825, 2.0, -0.28454115551365666, 0.08095510890866246], [-1.7732638827791396, 1.0, -0.30879104286404246, 0.5], [0.76, 1.918927685568776, -0.25, 0.423210155785066], [-0.35, -2.0, 0.4638716683708016, -0.06309262436373853], [-1.8285958897585153, 1.0, -0.25, -0.32282567861424627], [-1.9699085786715975, 1.4052333820769642, -0.10299668181371913, -0.014494283289967741], [-2.0, 1.1879689571889358, -0.08923909261077578, 0.11817138578853163], [0.35, 2.0, -0.06993049508794483, 0.12368722441886018], [-1.9646684347121273, 1.1991637124203647, -0.10009763658104286, 0.25], [0.35, 1.8204759002407727, -0.1326753838700654, 0.25], [-1.6062303181681485, 1.9150342689071491, 0.25, 0.1595624167877751], [0.76, 1.6384362083062225, 0.0, 0.25], [-1.6757892124930358, 1.6368135377937836, 0.23316245371997554, 0.5], [0.35, 1.565215659866678, 0.1881850541742293, 0.5], [-2.0, 2.0, 0.37517717913636006, 0.06956688827926447], [0.35, 2.0, 0.32634140762721664, 0.05908957112472612], [-2.0, 1.682780538402065, 0.5, 0.38848041810938194], [0.35, 1.8837955265491513, 0.25703474352846734, 0.25], [-0.35, -1.59, -0.4338363865364633, -0.44373708658748506], [-1.1869780354556043, -1.817393379931029, -0.25, -0.25], [0.76, -1.7702616376300297, -0.25, -0.27116317151869557], [-1.297850548685246, -1.815885274773441, -0.42273120567260297, -0.16876960205393413], [0.76, -1.906460639733054, -0.289717327073833, -0.1396245201156107], [-1.5732307529754865, -1.1617299151762062, -0.5, 0.29323791946122185], [-1.18, -1.7935546084095049, -0.18615891130371826, -0.25], [0.76, -1.7943637720853136, 0.0, -0.2529676393113804], [-1.59, -1.9898959419829538, -0.058855424402992934, -0.08486273859340668], [0.76, -2.0, 0.0, -0.09192119848895051], [-1.59, -1.7192421170212397, 0.12686824260362706, -0.32650611771514454], [0.76, -1.6000288356919696, 0.24973295900938447, -0.44490829715118124], [-1.59, -2.0, 0.25, -0.08228119801726683], [0.76, -2.0, 0.13414341042327402, -0.06098702872018279], [-1.59, -1.5504801291716224, 0.5, -0.5], [0.9875272919042034, -1.8113065105458643, 0.5, -0.25], [-1.5605994679297557, -2.0, 0.44244305449064847, -0.14382215530174858], [0.76, -2.0, 0.25, -0.09990022599791637], [-0.35, -1.5366734564617184, -0.0037276657893961633, -0.5], [-1.59, -1.0, -0.5, -0.4700488323259214], [-0.35, -1.5417623822259772, 0.2115528078280582, -0.5], [-1.59, 0.8177189604930095, 0.09085251402449115, 0.39765923661005087], [-0.35, -1.5459110241106497, 0.3524827363807981, -0.5], [-1.1997632185867186, 1.9019198253466538, -0.4656173120906367, 0.17905316976971142], [0.76, 2.0, -0.49998718792671987, 0.10063519320976617], [-1.5133286709850078, 1.8290799906919641, -0.25, 0.25], [0.76, 2.0, -0.4672994024380974, 0.25], [-1.184319559501782, 1.8497001240118611, -0.189919691054584, 0.25], [0.76, 2.0, -0.21259226854081467, 0.0874742567013211], [-1.59, 1.9004035946925324, -0.13262807631769305, 0.4294284144379216], [1.17, 1.3609869817308824, 0.0, 0.41287158936887947], [-1.5644675481993986, 2.0, 0.25, 0.07749259117875752], [0.76, 1.9988224864604025, 0.2064849984541972, 0.06683153462533076], [-1.18, 1.8245245253981694, 0.2378105269857531, 0.4989983782957246], [0.76, 1.7513868509229533, 0.15208326379724862, 0.2757144887296954], [-1.59, 2.0, 0.4846212862185765, 0.06183597866949904], [0.76, 2.0, 0.28879687153876, 0.05799239668316882], [-1.18, 1.8851172516021522, 0.30673728794221405, 0.25], [0.76, 1.8776193317730399, 0.25, 0.254572734656069], [-1.18, -1.7091877124899486, -0.5, -0.46359124068188057], [1.17, -1.6879614306640134, -0.25, -0.3503098909820895], [-0.974793525675512, -1.8218789806225681, -0.25, -0.03727286603400165], [1.1794800152119922, -1.9634427486531059, -0.28271493980104995, -0.20116077117979375], [-0.9507172106209303, -1.9742412682955806, -0.2555457432616152, 0.0], [-1.18, -1.7962208476119648, 0.0, -0.25], [1.17, -1.7978521442662083, 0.0, -0.25], [-1.18, -1.905128055796892, -0.11664011799202734, -0.14415033507833336], [1.17, -2.0, 0.0, -0.08459265453711949], [-0.8583933555193868, -1.9303511930646713, -0.25, 0.0], [-0.76, -1.5416253745736255, 0.20530298492216828, -0.5], [1.17, -1.7386267596278404, 0.24886642476352921, -0.3129543961764079], [-1.18, -2.0, 0.25, -0.11885322518720758], [1.17, -2.0, 0.25, -0.11250047519330587], [-0.35, 1.59, -0.44149480942165126, 0.5], [-1.18, -1.5503961741476864, 0.5, -0.5], [1.17, -1.542642231329757, 0.25, -0.5], [-1.18, -1.9685145816553435, 0.5, -0.09521016602968466], [1.17, -2.0, 0.25, -0.10467700670678731], [0.16616547813908122, 1.5679201312391513, -0.06739069582268392, 0.5], [-0.35, 1.59, 0.18012628281697793, 0.4782668041797407], [-1.018472465311917, 1.9433388469862765, -0.25, 0.13510446959803588], [1.17, 2.0, -0.25, 0.08266071449676031], [-1.107743179133841, 1.8667217303260621, -0.25, 0.25], [1.17, 1.564900093354868, -0.31113629221486777, 0.5], [-1.18, 1.9657673644919462, -0.024074077979998276, 0.15904210659499451], [1.17, 2.0, 0.0, 0.1507597343082745], [-1.18, 1.8601577208434859, -0.18307027108784024, 0.25], [1.4316490816089622, 1.1886220571703379, 0.0, 0.5], [-1.18, 1.9710549862439541, 0.15202006003482268, 0.10315563893461115], [1.17, 2.0, 0.21317608975476876, 0.06184505626309263], [-1.18, 1.5782872454879964, 0.25, 0.4919964371098035], [1.5001075436305382, 1.444763893650977, 0.03595397332079284, 0.28342035470992843], [0.12942483498153737, 1.5632192424161306, 0.377324346586804, 0.5], [-0.793853114253853, 2.0, 0.283019662286547, 0.08933184142854073], [1.17, 1.8684951947430957, 0.4888538319454736, 0.191675812228727], [-1.18, 1.8862124814980803, 0.31827469470579794, 0.25], [1.1858750582269728, 1.810914681161824, 0.5, 0.25], [-0.76, -1.7927587505694538, -0.25, -0.25], [1.59, -1.7929867305536487, -0.25, -0.25], [-0.76, -1.9164707141283877, -0.2542866761957719, -0.13047551975677957], [1.59, -2.0, -0.27788134422185906, -0.22000724808394095], [-0.76, -1.7963632639708376, 0.0, -0.25], [1.59, -1.798137564100177, 0.0, -0.25], [-0.76, -2.0, -0.11706356650697192, -0.10881113936019302], [1.59, -2.0, 0.0, -0.08872815417872662], [-0.35, 1.9798678013850248, -0.3975191416923457, 0.09858745737695676], [-0.76, -1.802967473853858, 0.24005150187432397, -0.2506363532430011], [1.8384686222728774, -1.0400606902371412, 0.25, -0.45972893098106415], [-0.35, -1.8769468136844476, 0.25, -0.25], [1.8389075901947773, -1.3176521904533356, 0.25, -0.08994958494692921], [1.9130303728677307, -1.3904182730307058, 0.16869289255740458, 0.0], [2.0, -1.8579483692767582, 0.25, 0.3522326609055445], [-0.3346306559509879, 1.59, -0.25, 0.5], [-0.76, -1.5503101714402368, 0.5, -0.5], [1.612763312004663, -1.0, 0.5, -0.29422307065116093], [-0.6610679892264899, -2.0, 0.5, -0.06443220221705241], [1.617162488489713, -1.0, 0.5, 0.0], [1.6163268955190435, -1.0, 0.5, 0.2469501317118857], [1.7572022372595657, -1.4953586722524779, 0.5, 0.5], [2.0, -0.25956725943157694, -0.07781323044065182, 0.009603993424589577], [-0.07660143103778594, -0.5122083904887726, -0.03240695148485504, 0.07530991919560154], [-0.35, 2.0, -0.08112811047179112, 0.12858558543194445], [1.9427316744091707, -0.6718633412486112, 0.1325073662010774, -0.25], [-0.35, -0.03828990838557098, 0.03387738278667459, -0.010526554821734107], [1.839604669924005, -1.0, 0.25, -0.13262002262803696], [-0.48942222529161267, -0.13612536961814953, 0.039522395936225925, 0.006042844538227613], [2.0, -0.824255263263325, 0.07298167680190869, 0.12493946657554858], [1.9986284405733519, -0.6047975950942192, 0.06650815129563835, 0.25], [0.1486783561127622, 1.6882288539056343, -0.201225628352009, 0.3821397921553265], [1.6150010365941914, 0.0, 0.5, -0.3648994752870588], [1.8410316713535457, -1.0, 0.25, 0.0], [1.8423932983492135, -0.39969016767093896, 0.25, 0.04374406500315777], [1.8372062097514086, -0.7777956312823331, 0.25, 0.25], [1.8162625707168667, 1.0, -0.06100787308128093, 0.5], [-0.11526248122102965, -0.35, 0.02248119920876728, 0.039271724440350216], [-0.35, 2.0, 0.2405939994776114, 0.06978881683764748], [1.9356218836597747, 0.4176178463177139, 0.14442903617562927, -0.25], [-0.38980463880327015, 0.14409396040221645, 0.031079631365492334, -0.040354485805076765], [1.883190796349453, 0.0, 0.20451951898601095, 0.0], [1.8784001722205834, 0.4517718058327324, 0.20204282561772263, 0.23899792934553477], [1.8704841832028618, 0.7916628090701912, 0.21014248744263142, 0.25], [-0.14789227560225368, 1.678848384090706, 0.1355454650383679, 0.47973694644253717], [1.8399849135552797, 0.0, 0.25, -0.37414638272948536], [1.8424109743199397, 0.0, 0.25, -0.06555592079441878], [1.8415663318343463, 0.0, 0.25, 0.06921412609691129], [1.7912985864959874, 0.4276750310690673, 0.3003870883182763, 0.25], [-0.35, 2.0, -0.4408354369015963, 0.09484657264183793], [1.59, 2.0, -0.25, 0.07581519373023761], [-0.76, 1.9873773787857338, -0.25247152736792033, 0.3434629587935179], [1.7474523487438702, 1.3882279015130075, -0.25, 0.5], [-0.76, 2.0, -0.08758811545866717, 0.13126018845790727], [1.59, 2.0, -0.25, 0.07581519373023761], [-0.76, 1.5773894284467602, 0.0, 0.42970923460999205], [2.0, 1.559140591885454, -0.17340112064901014, 0.5], [-0.35, 1.9669569145375718, 0.2896267552309722, 0.10224870990189261], [1.9138133525886276, 1.6001615159723, 0.22695155509021744, -0.3538604278331403], [2.0, 1.619759540011632, 0.06140501451790213, -0.0893412934606215], [-0.76, 2.0, 0.25, 0.07470870697365593], [2.0, 1.051865877140346, 0.06442759547016283, 0.0], [-0.76, 1.5685693468939264, 0.25, 0.5], [2.0, 1.1764071636723312, 0.010237121755244386, 0.31371463769700964], [-0.35, 1.59, 0.5, 0.4741320758910091], [1.6185992157486586, 1.0, 0.5, -0.3618833968941197], [1.8419607807276854, 1.0555960977555325, 0.25, -0.01021234588712402], [-0.48847046549126055, 2.0, 0.2964858545751356, 0.09890664204249995], [1.8400825044275988, 1.0, 0.25, 0.06686687276871327], [-0.76, 1.8875168704127208, 0.25561007428281823, 0.25], [1.691539195851886, 1.0, 0.41177620650611946, 0.25]]

Index: 1
Counterexamples: [[-0.35, -2.0, -0.3816866084122331, -0.25], [-1.59, -1.40949109091829, -0.25, -0.25], [0.5485387959987371, -1.7922209206103605, -0.25, -0.25], [-1.826709146557845, -1.8609019559750517, -0.25, -0.056338779537752716], [0.35, -1.7922430759651264, -0.25, -0.25], [-2.0, -1.366380412369069, -0.25, 0.012555471584413135], [-1.8319840567842, -1.7646843215201398, -0.25, 0.4793088262739087], [-0.35, -1.9376077774071605, -0.25, -0.12510980438057173], [-1.59, -1.5621625751783588, -0.00675786290224068, -0.3204838881276158], [0.35, -1.7969569072874987, 0.0, -0.25], [-1.59, -1.2383960369054063, -0.23546937466004092, -0.04231283236464383], [0.35, -2.0, -0.07761813392262604, -0.05493276647919902], [-2.0, -1.9291832011630012, -0.061129901140223465, 0.0486346556897468], [-1.9430114469580264, -2.0, -0.1225878454144005, 0.5], [-1.59, -1.80321118929457, 0.24305901979353717, -0.25], [0.35, -1.6693001821142444, 0.25, -0.3787165836043748], [-1.67840376779841, -2.0, 0.07284353105591773, -0.058290585186071], [0.35, -2.0, 0.148705804810018, -0.25], [-1.928021733215656, -1.7175039582942913, 0.49528244919157643, -0.3403191296214518], [0.35, -1.6962942232866356, 0.4309403867279846, -0.3582240868088251], [-2.0, -1.8212478830452108, 0.5, -0.2396309656691102], [0.35, -2.0, 0.3234919425254836, -0.0813512466487236], [-0.35, -1.59, -0.25, -0.5], [-1.7483364971386721, -0.5914244139327561, -0.3360517244697568, -0.25], [-1.8312060686022835, -0.9290319615219764, -0.25, -0.08284265654926919], [-1.6107936091314052, 0.0, -0.5, 0.25], [-1.8381613249951578, -0.47944301500541997, -0.25, 0.2580349621535329], [-0.35, -1.9425426857204235, 0.0, -0.1277786313517794], [0.03393001420848401, 0.35, -0.10137564704812506, -0.056539647374950125], [-1.9413853989775138, -0.3693597991338536, -0.11353849455783963, -0.3007134412750504], [-1.829100202841399, -1.0, -0.25, -0.11493049001936262], [-1.8369125171507443, -0.35268720096653405, -0.25, 0.25], [-1.975073275477493, -0.2559518322812134, -0.09054092420538126, 0.25], [-1.912188677686851, -0.8288279652888662, 0.17443366701836976, -0.5], [-0.3360968299554935, -1.8021858183364141, 0.19430418621217124, -0.25], [-1.8860215383288115, 0.0, -0.3264799085077617, -0.368286244308377], [-2.0, 0.32822455088482877, -0.4364439205569257, -0.145141858430076], [-1.8375675469118735, 0.0, -0.25, 0.18572927028821412], [-1.8287845240584737, 1.0, -0.25, 0.3609976629812923], [-0.35, -2.0, 0.25, -0.09309616912078304], [-2.0, 0.048855392958401356, -0.25, -0.41699709051624023], [-1.8360783860189323, 0.0, -0.25, -0.08357883618572345], [-1.885978301784967, 0.4294248268507922, -0.19485287849347296, 0.20243342167618683], [-1.9178613392009916, 1.0, -0.1549286227238726, 0.25], [-1.59, 0.8197893226128558, 0.08724827173398225, 0.39563722316507244], [-0.35, -1.8040781818801257, 0.25, -0.25], [-1.824485012390071, 1.0, -0.25, -0.3783347737888456], [-1.837751305817093, 1.4679395407850009, -0.25, -0.008505974993128997], [-1.8375930361632213, 1.263449399473169, -0.25, 0.04020900027980433], [0.6892408661291712, 1.9113543538082967, -0.5, 0.15620727685718488], [-1.7732638827791396, 1.0, -0.30879104286404246, 0.5], [0.76, 1.9185457485040183, -0.25, 0.41120604677726674], [-0.35, -2.0, 0.46387166837079785, -0.06309262436373819], [-1.8285958897585153, 1.0, -0.25, -0.32282567861424627], [-1.8376424836817462, 1.2830758395426032, -0.25, 0.0], [-1.9673881323225932, 1.2719540210203817, -0.10328696324344462, 0.11298882463166021], [0.35, 2.0, 0.0, 0.14448171550054056], [-1.9647884654384957, 1.199206010227764, -0.09995925031614256, 0.25], [0.3641029426220933, 1.8439489199912809, -0.13267083481132555, 0.25], [-1.59, 1.8995427582810152, 0.05738747061515033, 0.24026688747556812], [0.35, 2.0, 0.2152445570889663, 0.06755212623444928], [-2.0, 1.862498057305555, 0.25, 0.25], [0.35, 1.564338497396473, 0.25, 0.5], [-1.59, 2.0, 0.2936974484293971, 0.07085380392757329], [0.35, 2.0, 0.32708073157533357, 0.0590538905599949], [-2.0, 1.8618922879486772, 0.2548489003861491, 0.25], [0.35, 1.8837955265491513, 0.25703474352846734, 0.25], [-0.35, -1.59, -0.4270487751207414, -0.44238196449694844], [-1.1857977006910425, -1.8165523371707166, -0.25, -0.25], [0.76, -1.7567317178177475, -0.25, -0.2841342337327198], [-1.4666535773557732, -1.2977686932768784, -0.25, -0.06989365118707606], [0.76, -2.0, -0.2727718200148383, -0.2356353939879355], [-1.59, -1.152991463717907, -0.5, 0.2914174638707852], [-1.18, -1.7935546084095049, -0.18615891130371826, -0.25], [0.76, -1.7943637720853136, 0.0, -0.2529676393113804], [-1.5881453728825032, -2.0, -0.04003122582202809, -0.05499753402415841], [0.76, -2.0, 0.0, -0.09192119848895051], [-1.4186946727202816, -1.7964009320483658, 0.0, -0.25], [0.76, -1.6000288356919696, 0.24973295900938447, -0.44490829715118124], [-1.59, -2.0, 0.17492210609576286, -0.08618561378973921], [0.76, -2.0, 0.05664249590139244, -0.058385498987558085], [-1.4741428970258066, -1.9716018172758782, 0.29723836036020307, -0.25856631069116787], [0.9875272919042034, -1.8113065105458643, 0.5, -0.25], [-1.18, -2.0, 0.5, -0.06317643154765144], [0.76, -2.0, 0.25, -0.09990022599791637], [-0.26478429100382805, -1.59, -0.21350613692779313, -0.5], [-1.59, -1.0, -0.5, -0.4700488323259214], [-0.35, -1.59, 0.18456182667295773, -0.45302893966953306], [-1.59, 0.8197893226128558, 0.08724827173398225, 0.39563722316507244], [-0.35, -1.5458894748400347, 0.3517671473705139, -0.5], [-1.3147102693188457, 1.9011489428595005, -0.25, 0.22879114079514512], [0.76, 2.0, -0.25, 0.09624149986033678], [-1.59, 1.8155811295921602, -0.25, 0.38051551826680263], [0.76, 2.0, -0.4652681449002919, 0.25], [-1.4744780673242253, 2.0, -0.20070930199434295, 0.25], [0.76, 2.0, -0.2141354626730119, 0.08783593482695959], [-1.59, 1.7159626216445694, -0.25, 0.36238514355615126], [1.17, 1.3574257095502147, 0.0, 0.4130951015184287], [-1.59, 1.9888128982030377, 0.014372488621750763, 0.0887689376117071], [0.76, 2.0, 0.19766730355460155, 0.06628089710888879], [-1.59, 2.0, 0.1021799511850976, 0.32010062921022453], [0.76, 1.7801791257916608, 0.06792185451465907, 0.25], [-1.59, 2.0, 0.3312704873987795, 0.06957094790554125], [0.76, 2.0, 0.28879687153876, 0.05799239668316882], [-1.18, 1.8407580539212507, 0.37063319922605775, 0.3179296871494415], [0.76, 2.0, 0.25, 0.30854005398933765], [-1.18, -1.5286503527815318, -0.5, -0.5], [1.17, -1.6714022671479347, -0.25, -0.3662461831938491], [-0.7811664058373536, -2.0, -0.25, -0.11765350327558953], [1.2351616407674912, -1.8357590607292815, -0.47652567937544704, -0.2039177594744404], [-1.18, -1.7882814210723958, -0.08861513038516083, -0.25653464232672063], [1.4340580925997715, -1.7810967790247276, -0.06298588989966265, -0.26488853454449635], [-1.18, -2.0, -0.20452477871080216, -0.09761747378768611], [1.17, -2.0, 0.0, -0.08459265453711949], [-0.76, -1.5416253745736255, 0.20530298492216828, -0.5], [1.17, -1.623048627350921, 0.25, -0.43503958999986775], [-1.18, -2.0, 0.25, -0.11885322518720758], [1.17, -2.0, 0.038172659596870426, -0.25], [0.12641369254302856, 1.59, -0.4384533453601138, 0.5], [-1.18, -1.5503961741476864, 0.5, -0.5], [1.17, -1.5426422313297568, 0.25, -0.5], [-1.18, -2.0, 0.5, -0.22013552187934654], [1.17, -2.0, 0.25, -0.10467700670678731], [-0.35, 1.59, -0.25, 0.48166124490943485], [0.12701723853864358, 1.5660932785942514, 0.18892167594444556, 0.5], [-1.1661315935388616, 1.9460490130995887, -0.4062193127084551, 0.22514378018218853], [1.17, 2.0, -0.252849519259499, 0.1279746744123057], [-1.18, 1.6398214521184147, -0.4002300895741819, 0.4364919125255972], [1.17, 1.564900093354885, -0.3111362922148719, 0.5], [-0.76, 1.9128819705179942, -0.12321356362543925, 0.1632776361451196], [1.17, 2.0, -0.23587534380571912, 0.07523666776157657], [-1.18, 1.8593968245975943, -0.18307384886760042, 0.25], [1.17, 1.5691337011825244, 0.0, 0.5], [-1.18, 1.9710549862439541, 0.15202006003482268, 0.10315563893461115], [1.17, 1.9540091340807106, 0.25, 0.11017166652150778], [-1.18, 1.8788526921713564, 0.25, 0.25], [1.1900364103642374, 1.8076369442361522, 0.11932882704763725, 0.2574016538858382], [0.35, 1.5614121547303021, 0.5, 0.5], [-1.18, 1.9913723941424935, 0.37201503362257304, 0.11193081751429361], [1.17, 2.0, 0.4995190266364131, 0.07875202690837356], [-1.137008281618143, 1.7721204343386088, 0.3909578918231809, 0.3465599470937814], [1.1834992523963983, 1.8111649033485415, 0.5, 0.25], [-0.76, -1.6423471101913365, -0.3918379166629272, -0.3924420713973845], [1.59, -1.7929867305536487, -0.25, -0.25], [-0.76, -1.9640322312666902, -0.39190299667630685, -0.1544995442796056], [1.59, -2.0, -0.36062178688673396, -0.19902789934296333], [-0.76, -2.0, -0.06014873905434592, -0.3189595344354281], [1.59, -1.7981375641001767, 0.0, -0.25], [-0.76, -1.9538068011022356, -0.11960127599137518, -0.09694592091118537], [1.59, -2.0, 0.0, -0.08872815417872662], [0.08121533984501039, 1.9865328172094916, -0.3610827274845225, 0.08981418927838788], [-0.76, -1.802967473853858, 0.24005150187432397, -0.2506363532430011], [1.838545999293699, -1.0358342840989985, 0.25, -0.4621491613740915], [-0.534380381190064, -2.0, 0.25, -0.1350026050231234], [1.8389075901947773, -1.3176521904533356, 0.25, -0.08994958494692921], [1.8410626584572318, -1.361973714027169, 0.25, 0.14311244994438257], [2.0, -1.5972546492858546, 0.06428846217625184, 0.35969449434050943], [-0.3346306559509879, 1.59, -0.25, 0.5], [-0.76, -1.5503101714402368, 0.5, -0.5], [1.7175148688370756, -1.1194317952523505, 0.38305994700480933, -0.3940147349509774], [-0.660041103718573, -2.0, 0.5, -0.06444749371088099], [1.617162488489713, -1.0, 0.5, 0.0], [1.6163268955190437, -1.0, 0.5, 0.2469501317118855], [1.7572022372595848, -1.4953586722524876, 0.5, 0.5], [2.0, -0.2864389669855145, -0.08911406473032406, 0.016878755122176195], [-0.07182572863577755, -0.35, 0.0, 0.04284519998554047], [-0.35, 1.9337636731580639, -0.10039122834071475, 0.14074902687611882], [1.8388167155435482, -0.5880986498377924, 0.25, -0.25], [-0.4461312639272209, 0.0, 0.03401249858794554, -0.015364672479950967], [2.0, -0.7959329645966365, 0.18243470219612182, -0.15307637450890446], [-0.5071132000718158, -0.1546683203836273, 0.03866533618606738, 0.008918345269460167], [1.975376495284923, -0.4302253552718741, 0.09515562792574375, 0.14729220718117572], [1.87735889313507, -0.7408676929792223, 0.2045624664323353, 0.25], [-0.35, 1.746625210980012, -0.1796117243274987, 0.3264365135266196], [1.6150010365941914, 0.0, 0.5, -0.3648994752870588], [1.8410316713535457, -1.0, 0.25, 0.0], [2.0, -0.08277722231709231, 0.25, 0.044033605884846325], [1.8375219036529569, -0.7838460990494535, 0.25, 0.25], [1.6434817591092616, 1.0, -0.012738756143323924, 0.34294185634543706], [-0.08015863944802348, -0.35, 0.004210002510417704, 0.04219294649695083], [-0.35, 2.0, 0.2405939994776114, 0.06978881683764748], [1.909735937604369, 0.6044766112949808, 0.17361225516494863, -0.36545594175373636], [-0.44818108775008514, 0.0, 0.035018963346928125, -0.015519711455222403], [1.8831907963494523, 0.0, 0.20451951898601098, 0.0], [1.8784201775538012, 0.4509875579851593, 0.20202191107485395, 0.23898359975666608], [1.8704841832028618, 0.7916628090701912, 0.21014248744263142, 0.25], [0.35, 2.0, 0.09580859684930058, 0.2524064360902607], [1.8399849135552797, 0.0, 0.25, -0.37414638272948536], [1.8424109743199395, 0.0, 0.25, -0.06555592079441779], [1.8415428200882629, 0.0, 0.25, 0.07104533422365528], [1.792442149032257, 0.42781879959934366, 0.29909317666753504, 0.25], [-0.76, 2.0, -0.25, 0.10352710688051646], [1.59, 2.0, -0.25, 0.18484530928328496], [-0.76, 1.9817818730514971, -0.2519789555031936, 0.3430438154885013], [1.7402040086017423, 1.3816322774822092, -0.25, 0.5], [-0.76, 1.975241795196081, -0.10544132948271369, 0.15194617705248079], [1.59, 2.0, 0.0, 0.13347472610469263], [-0.76, 1.5731126782020377, 0.0, 0.4345073125185989], [2.0, 1.2877566353324752, -0.08403553654194659, 0.3049488783651724], [-0.35, 1.9669569145375718, 0.2896267552309722, 0.10224870990189261], [1.914690048735822, 1.3923437184765362, 0.17136046145337028, -0.3302862530193919], [2.0, 1.6197595400116318, 0.06140501451790139, -0.08934129346062054], [-0.76, 2.0, 0.25, 0.07470870697365593], [2.0, 1.171537807783402, 0.06376845888207988, 0.0], [-0.76, 1.5685693468939264, 0.25, 0.5], [2.0, 1.052435300240001, 0.059491764286753554, 0.3552105265335987], [-0.35, 1.59, 0.5, 0.4741320758910091], [1.6185992157486586, 1.0, 0.5, -0.3618833968941197], [1.8419304207985356, 1.249642425622276, 0.25, -0.020031519566633366], [-0.35, 2.0, 0.35394260540018, 0.06181222473131364], [1.8400349317281368, 1.0, 0.25, 0.06858714278429384], [-0.76, 1.8875168704127208, 0.25561007428281823, 0.25], [1.8230416331025883, 1.0, 0.3462132349489135, 0.25406775311724333]]

Index: 2
Counterexamples: [[-0.35, -1.714268376956388, -0.4938871710183145, -0.32080818415184253], [-1.59, -1.494010368465955, -0.25, -0.25], [0.35, -1.5305859469778011, -0.3807742755350327, -0.5], [-1.8267091465578444, -1.8609019559750506, -0.25, -0.05633877953775256], [0.35, -2.0, -0.5, -0.11203184121353818], [-2.0, -1.997676745359104, -0.39565519530930976, 0.030712214103299197], [-1.832567436430165, -1.819603787550585, -0.25, 0.4708234724779927], [-0.35, -1.8595555424446208, -0.40414867611843525, -0.25], [-1.59, -1.7962799102995157, 0.0, -0.25], [0.35, -1.7969569072874987, 0.0, -0.25], [-1.59, -1.2323829637029133, -0.23491506099659543, -0.04316201955459416], [0.35, -2.0, 0.0, -0.056466899628729215], [-2.0, -1.9375179662373494, -0.08752725785931209, 0.15726931131056168], [-1.9430114469580264, -2.0, -0.1225878454144005, 0.5], [-1.59, -1.80321118929457, 0.24305901979353717, -0.25], [0.35, -1.6693001821142444, 0.25, -0.3787165836043748], [-2.0, -1.8042875814228085, 0.07418353875101448, -0.2458096283628072], [0.35, -2.0, 0.21677737812369985, -0.08540839637285942], [-1.9351349135238156, -1.7198969639889437, 0.4956620008282445, -0.33802437197534313], [0.35, -1.712874526797773, 0.4237515199652135, -0.34217474680390747], [-2.0, -1.8212478830452108, 0.5, -0.2396309656691102], [0.380458925819809, -2.0, 0.47448977054508634, -0.10915439834501385], [-0.35, -1.59, -0.25, -0.5], [-1.720251375441404, -0.36467530027107714, -0.3694222118392356, -0.25], [-1.8312060686022846, -0.9290319615219772, -0.25, -0.08284265654926899], [-1.6107936091314052, 0.0, -0.5, 0.25], [-1.8375719691104873, -0.5205147634691105, -0.25, 0.2813774424083503], [-0.35, -1.9425426857204235, 0.0, -0.1277786313517794], [0.10432991856978706, 0.35, -0.10826107641141974, -0.054779485057364796], [-1.9445559249047348, -0.37688287294987155, -0.11001506385857616, -0.29818092540491214], [-1.829100202841399, -1.0, -0.25, -0.11493049001936262], [-2.0, -0.8209892694148554, -0.11046100731533043, 0.15889983639510194], [-2.0, -0.6028353940085264, -0.06397958083445422, 0.25], [-1.9966324102521436, -0.9157121498711565, 0.18267949903998085, -0.5], [-0.3360968299554935, -1.8021858183364141, 0.19430418621217124, -0.25], [-1.9141836949893034, 0.9148260509875994, -0.4537038702465201, -0.5], [-1.7068935991468435, 0.12313263628430246, -0.5, 0.0], [-1.837508899462164, 0.0, -0.25, 0.17120824450540342], [-1.8287845240584737, 1.0, -0.25, 0.3609976629812923], [-0.35, -2.0, 0.25, -0.09309616912078304], [-2.0, 0.5043363494536123, -0.07943113593330825, -0.41197701509792944], [-1.8360783860189323, 0.0, -0.25, -0.08357883618572345], [-1.9623702755280894, 0.29780012579603227, -0.13498678943793813, 0.21967004526878184], [-1.9178613392009916, 1.0, -0.1549286227238726, 0.25], [-1.59, 0.8040802409772865, 0.12353917389703814, 0.406025497902449], [-0.35, -1.7485865931903801, 0.377938739672277, -0.3065468808242559], [-1.824485012390071, 1.0, -0.25, -0.3783347737888456], [-1.8370548831157885, 1.0548555178673278, -0.25, -0.1498593047691661], [-1.8450863326721498, 1.3452300012168417, -0.2888281080023239, 0.10677553286265466], [0.6668955627429564, 1.9385144196209179, -0.5, 0.1625522279540403], [-1.7732638827791396, 1.0, -0.30879104286404246, 0.5], [0.76, 1.9188726676318801, -0.25, 0.39746190741467613], [-0.35, -2.0, 0.46387166837079785, -0.06309262436373819], [-1.9757729901995726, 1.0, -0.07872930231924544, -0.3171246526487599], [-1.8332532088592102, 1.400641229085655, -0.25, -0.25], [-2.0, 1.2743510564414608, -0.10992196666501258, 0.15528856563464954], [0.35, 2.0, -0.06993049508794483, 0.12368722441886018], [-1.9650858538679332, 1.1993108073817433, -0.09961638415831033, 0.25], [0.6571295884326828, 1.6763667748016648, -0.1996514106095544, 0.3916871961570572], [-1.59, 1.8995427582810152, 0.05738747061515033, 0.24026688747556812], [0.35, 2.0, 0.2152445570889663, 0.06755212623444928], [-2.0, 1.7600351701382684, 0.12602882249431593, 0.31769551343461233], [0.35, 1.564338497396473, 0.25, 0.5], [-2.0, 2.0, 0.37517717913635945, 0.06956688827926462], [0.35, 2.0, 0.32708073157533357, 0.0590538905599949], [-1.8182570073748492, 1.5684106514139662, 0.5, 0.5], [0.35, 1.8837955265491513, 0.25703474352846734, 0.25], [-0.35, -1.59, -0.3589156695061027, -0.4431914512386463], [-1.1844068752303638, -1.815575306100824, -0.25, -0.25], [0.76, -1.756731717817748, -0.25, -0.2841342337327196], [-1.4947866835052483, -1.5463547790734666, -0.31295819815654174, -0.25], [0.76, -2.0, -0.25, -0.051791600466130176], [-1.59, -1.122301631188356, -0.5, 0.28688794449703026], [-1.18, -1.7935546084095049, -0.18615891130371826, -0.25], [0.76, -1.7943637720853136, 0.0, -0.2529676393113804], [-1.59, -1.978799231517718, -0.1631393953795156, -0.18694876067297167], [0.76, -2.0, 0.0, -0.056914445625147504], [-1.5229898376584388, -1.8916926566900656, 0.0075326732696102605, -0.25], [0.76, -1.6000288356919696, 0.24973295900938447, -0.44490829715118124], [-1.59, -2.0, 0.25, -0.08228119801726683], [0.9931567002048198, -1.961821817520062, 0.25, -0.10084642086965018], [-1.59, -1.5504801291716224, 0.5, -0.5], [0.9875272919042034, -1.8113065105458643, 0.5, -0.25], [-1.18, -2.0, 0.5, -0.06317643154765144], [0.76, -2.0, 0.25, -0.09990022599791637], [-0.35, -1.5366734564617184, -0.0037276657893961633, -0.5], [-1.59, -0.8078344184720517, -0.5, -0.5], [-0.35, -1.5417805793534551, 0.21225135338487786, -0.5], [-1.59, 0.8210176505978738, 0.08441060548699306, 0.394824940889635], [-0.35, -1.5502262164162988, 0.5, -0.5], [-1.181223351974874, 1.9172187430001228, -0.2601801152320738, 0.21306060668264534], [1.17, 1.855344501446995, -0.5, 0.23435581798459534], [-1.59, 1.6661080878051184, -0.26807835482001546, 0.41180010266764383], [0.76, 1.9188726676318806, -0.25, 0.39746190741467946], [-1.59, 1.9366783907323144, -0.16029123185551972, 0.1925738436036776], [0.76, 2.0, 0.0, 0.1663097459939274], [-1.59, 1.715667226212616, -0.25, 0.3626783348614043], [1.17, 1.3569639043381672, -0.012904149324683076, 0.3951264652574364], [-1.59, 2.0, 0.16258050372058588, 0.1030888224067511], [0.76, 2.0, 0.19766730355459994, 0.06628089710888799], [-1.18, 1.8788526921713564, 0.25, 0.25], [1.17, 1.3988440351907012, 0.0, 0.28079685494740236], [-1.59, 2.0, 0.3312704873987799, 0.0695709479055393], [0.76, 2.0, 0.28879687153876, 0.05799239668316882], [-1.59, 2.0, 0.3834057713792441, 0.2663215457496083], [0.76, 1.8792390154461784, 0.25, 0.25], [-1.18, -2.0, -0.25, -0.2615712682992471], [1.17, -1.6714022671479347, -0.25, -0.3662461831938491], [-1.0707914927741904, -1.932489052828679, -0.25, -0.11527431083265993], [1.17, -1.921958022905043, -0.25, -0.12597421520304003], [-1.18, -1.7882814210723958, -0.08861513038516083, -0.25653464232672063], [1.17, -1.7978521442662083, 0.0, -0.25], [-1.18, -2.0, -0.05368237864761871, -0.05464486001813178], [1.59, -1.9426937046249502, 0.0, -0.20322817578018287], [-1.1687276732281315, -1.541579920204258, 0.21302418604426573, -0.5], [1.17, -1.542642231329757, 0.25, -0.5], [-1.18, -2.0, 0.09193120732008037, -0.0766420029905199], [1.17, -1.8048543345903607, 0.25, -0.25], [-0.35, 1.59, -0.283475403757065, 0.4817642483124703], [-1.18, -1.8369107971592185, 0.3456897796362715, -0.26358954109621013], [1.17, -1.5426422313297568, 0.25, -0.5], [-1.18, -2.0, 0.5, -0.06317643154765187], [1.17, -1.9706696861196862, 0.5, -0.09364007518452391], [0.16196136474621603, 1.5679479745984435, -0.06861066197418844, 0.5], [-0.35, 1.59, 0.18012628281697793, 0.4782668041797407], [-1.18, 2.0, -0.25, 0.13527649294335065], [1.17, 2.0, -0.25, 0.08266071449676031], [-1.01927052288457, 1.7679987422345456, -0.25, 0.33534017337053873], [1.17, 1.564900093354885, -0.3111362922148719, 0.5], [-0.76, 1.9951244023363832, -0.08806368602096488, 0.14139368690631057], [1.17, 2.0, 0.0, 0.1507597343082745], [-1.18, 1.8321340486637838, -0.25, 0.33649618423505095], [1.17, 1.5715899526612198, 0.0, 0.5], [-1.18, 2.0, 0.24234364621788596, 0.0728368100985933], [1.17, 2.0, 0.25, 0.05848273722863785], [-1.18, 1.878852692171357, 0.25, 0.25], [1.17, 1.4599697197088795, 0.13971158038165948, 0.3416723554721174], [0.12835890165382327, 1.563222025223794, 0.3774056219633028, 0.5], [-0.76, 2.0, 0.31318991922875383, 0.0663873326066018], [1.17, 2.0, 0.5, 0.07864670232793124], [-0.76, 1.954787585355423, 0.41275647836839374, 0.3687515096220297], [1.1834992523963888, 1.8111649033485409, 0.5, 0.25], [-0.76, -1.531000554340909, -0.35801820780450505, -0.5], [1.59, -1.7929867305536487, -0.25, -0.25], [-0.76, -1.916206783770513, -0.2548718117031897, -0.13071801008965922], [1.59, -2.0, -0.25, -0.05242983248231198], [-0.76, -1.7963632639708376, 0.0, -0.25], [1.59, -1.798137564100177, 0.0, -0.25], [-0.76, -1.9538068011022356, -0.11960127599137518, -0.09694592091118537], [1.926170110021744, -2.0, -0.1358631703947987, -0.12764669407865242], [-0.19328022647944706, 1.9495857327623283, -0.3219482172548531, 0.15311858416852303], [-0.35, -1.7913074680377281, 0.2382082774209622, -0.261783709652802], [1.8388165962658525, -1.0262943266546918, 0.25, -0.47113060212767555], [-0.534380381190064, -2.0, 0.25, -0.1350026050231234], [1.8389075901947773, -1.3176521904533356, 0.25, -0.08994958494692921], [1.8428496263229417, -1.397426283643031, 0.25, 0.05656155876966379], [2.0, -1.5972546492858546, 0.06428846217625184, 0.35969449434050943], [-0.3346306559509879, 1.59, -0.25, 0.5], [-0.76, -1.7176171311002373, 0.5, -0.339058715464089], [1.7994560974052465, -1.2223787820672527, 0.2918879006543105, -0.25], [-0.76, -2.0, 0.36287137720082907, -0.06215285232408296], [1.617162488489713, -1.0, 0.5, 0.0], [1.6163268955190406, -1.0, 0.5, 0.2469501317118818], [1.7741705988310499, -1.2850784389973062, 0.31434079528271797, 0.48049759538317216], [-0.08624987029029874, 2.0, -0.08018085914320416, 0.13319208221606568], [1.8388125404011535, -0.5891534890846837, 0.25, -0.25], [1.8409583144880421, -0.7675596314853501, 0.25, -0.08386342569464668], [-0.5056322080220934, -0.14418124571040794, 0.0379497772844293, 0.00863943611836162], [2.0, -0.44377943807665576, 0.1288141738717938, 0.13527893042804748], [1.8351332212821239, -1.0, 0.25, 0.330940024223496], [-0.35, 1.8126791681722256, 0.0, 0.26661204162950103], [1.644406290191475, -0.12345469705280938, 0.46711363308239073, -0.3425116068477705], [1.8410316713535457, -1.0, 0.25, 0.0], [1.8675269206984377, -0.3913352693716551, 0.32392677810424403, 0.0005254730331456211], [1.8375219036529569, -0.7838460990494535, 0.25, 0.25], [1.604389401995646, 1.0, -0.015228627071454448, 0.3381536889486269], [-0.35, 2.0, 0.2405939994776114, 0.06978881683764748], [1.9426167763846096, 0.2974842265057794, 0.13600360571839817, -0.25], [-0.6033477773884428, 0.11203225664800207, 0.0404477936941145, -0.031678606851691916], [1.9661457508419136, 0.0, 0.11071849927394943, 0.0], [1.8784338520947987, 0.45045148946643837, 0.20200761504834902, 0.2389738048410635], [1.8785731703727138, 0.5098575821531172, 0.20159033870310372, 0.25], [-0.1508206357620938, 1.6841169723351892, 0.12802083693325825, 0.49424690427578294], [1.8399849135552797, 0.0, 0.25, -0.37414638272948536], [1.8424109743199397, 0.0, 0.25, -0.06555592079441878], [1.8415242093989757, 0.0, 0.25, 0.07249482442082912], [1.7892763044192193, 0.42359548545631776, 0.30268436792733316, 0.25], [-0.400463237991146, 2.0, -0.3600454169069289, 0.2375281955097296], [1.59, 1.9005746062239768, -0.25, 0.16655709830191262], [-0.76, 1.9743938027981873, -0.2513285843456523, 0.3424903963105494], [1.9406026609067968, 1.5608065494400976, -0.25, 0.5], [-0.76, 2.0, -0.08758811545866717, 0.13126018845790727], [1.7856589976719845, 1.8138974210885352, 0.0, 0.24959979789648126], [-0.76, 1.6514506453567368, -0.06713878385863253, 0.4063288989376432], [2.0, 1.559140591885454, -0.17340112064901014, 0.5], [-0.35, 1.9669569145375718, 0.2896267552309722, 0.10224870990189261], [1.9970606964422077, 1.4535486921140761, 0.21048146837989318, -0.32557937114949387], [1.9543591073889306, 1.0, 0.1248301660715259, -0.16073530208853465], [-0.76, 2.0, 0.25, 0.07470870697365593], [2.0, 1.171069842993101, 0.06377125944737268, 0.0], [-0.76, 1.5685693468939264, 0.25, 0.5], [1.8920441097618137, 1.6694582095535029, 0.1864285517375805, 0.5], [-0.35, 1.59, 0.5, 0.4741320758910091], [1.8439729244926364, 1.0, 0.25, -0.29229734196909996], [1.8419591449177954, 1.0, 0.25, -0.0071998268598964296], [-0.40951000402061133, 2.0, 0.2910323173444493, 0.06540588898551832], [1.8359715095858127, 1.0135753293161567, 0.2548350098985781, 0.06142809260212321], [-0.76, 1.8875168704127208, 0.25561007428281823, 0.25], [1.8347990697039152, 1.0, 0.25, 0.25]]

Index: 3
Counterexamples: [[-0.35, -1.708962802813449, -0.5, -0.3258133914297281], [-1.59, -1.4984071943872355, -0.25, -0.25], [0.35, -1.5305859469778011, -0.3807742755350327, -0.5], [-1.8700254070335394, -1.8623216906816298, -0.2789741178609972, -0.07363624048466273], [0.41364850337164055, -2.0, -0.25, -0.10419375924233054], [-1.9657627072777677, -2.0, -0.5, 0.0], [-1.832567436430165, -1.819603787550585, -0.25, 0.4708234724779927], [-0.35, -1.8595555424446208, -0.40414867611843525, -0.25], [-1.59, -1.7954935763230857, -0.05216337840068816, -0.25], [0.35, -1.7969569072874987, 0.0, -0.25], [-1.59, -1.985672767616951, -0.16054876851884614, -0.18436536161316391], [0.35, -2.0, -0.25, -0.22852211202405756], [-2.0, -1.9343910735629621, -0.0728532946037237, 0.15327193657853821], [-1.9430114469580264, -2.0, -0.1225878454144005, 0.5], [-1.59, -1.80321118929457, 0.24305901979353717, -0.25], [0.35, -1.6693001821142444, 0.25, -0.3787165836043748], [-1.59, -1.8034632370236974, 0.25, -0.25], [0.35, -2.0, 0.21994080209801906, -0.08642575442957977], [-1.9613795387556126, -1.724065094473218, 0.49536951926685885, -0.3340125404400876], [0.35, -1.712874526797773, 0.4237515199652135, -0.34217474680390747], [-2.0, -1.816120651730325, 0.5, -0.24575671735055654], [0.76, -1.9864580662097333, 0.4375392712741253, -0.0769409656480609], [-0.35, -1.59, -0.25, -0.5], [-1.8286883201688566, -0.08529322728771914, -0.25, -0.25], [-1.7074810286649875, -0.35207565810554814, -0.38773451474794496, -0.11823780074180164], [-1.6107936091314052, 0.0, -0.5, 0.25], [-1.8383459190686013, -0.4638659529719776, -0.25, 0.25], [-0.35, -1.9425426857204235, 0.0, -0.1277786313517794], [-1.9465525207733998, -0.3816204270483563, -0.10779623097748278, -0.2965861077501388], [-1.9996685513259669, -1.0, -0.12939214955069187, -0.0835802337652609], [-2.0, -0.8513384054822444, -0.07834274819965553, 0.19654999333858317], [-2.0, -0.6580457829693276, -0.061701884432309624, 0.2809877819746215], [-2.0, -0.8231222949042668, 0.0, -0.4038220722243191], [0.5093176920042867, -0.40716498695228137, 0.03187425503899881, 0.03801851323999748], [-0.3360968299554935, -1.8021858183364141, 0.19430418621217124, -0.25], [-1.7852490021586662, 0.026602487780937083, -0.29449421704230166, -0.33468588234705454], [-1.8370727021737827, 0.0, -0.25, -0.032475441090786414], [-1.837508899462164, 0.0, -0.25, 0.17120824450540342], [-1.8297220708707858, 1.0, -0.25, 0.32341559053856656], [-0.35, -2.0, 0.25, -0.1000553295819729], [-1.8734318625985218, 0.6064570061021725, -0.19030365094360763, -0.4248962454260751], [-1.9809539835591365, 0.0046797490294555625, -0.18082523863959676, -0.06737181647906468], [-1.8844115874492142, 1.0, -0.19609050292230074, 0.18709502537155653], [-1.9178613392009924, 1.0, -0.15492862272387276, 0.25], [-1.59, 0.7649428634026889, 0.180112075660742, 0.4503896452014465], [-0.35, -1.7877184777303003, 0.25, -0.2655584096765895], [-1.824485012390071, 1.0, -0.25, -0.3783347737888456], [-1.8378771761590706, 1.0767412579377809, -0.25, -0.11635273496519277], [-1.8375930361632213, 1.263449399473169, -0.25, 0.04020900027980433], [0.7250361586260121, 2.0, -0.25, 0.09359232087536093], [-1.7950003298264232, 1.0077255134182828, -0.28389426381783345, 0.5], [0.35, 1.5685018969078894, -0.3253186857625814, 0.5], [-0.35, -2.0, 0.46387166837079785, -0.06309262436373819], [-1.9583078343714857, 1.0, -0.0988874168717391, -0.3163837450514133], [-1.8399417372151854, 1.27257643083312, -0.25, 0.0], [-1.9835297989549503, 1.2790964118021315, -0.08775657697680672, 0.11191429625422183], [0.35, 2.0, 0.0, 0.15763737727440646], [-1.965019985650274, 1.1992875959818858, -0.09969232518519071, 0.25], [0.76, 1.801384495351018, -0.1515530453633477, 0.25], [-1.59, 2.0, 0.0, 0.11372582399803889], [0.35, 2.0, 0.2152445570889663, 0.06755212623444928], [-2.0, 1.5744195879161145, 0.1959468917337254, 0.5], [0.35, 1.564338497396473, 0.25, 0.5], [-2.0, 2.0, 0.25046144911737805, 0.07450968310318999], [0.35, 2.0, 0.3281602848736877, 0.059001790162814184], [-1.699386272359557, 1.8937879523145553, 0.488688338458949, 0.43920204531667145], [0.35, 1.8837955265491513, 0.25703474352846734, 0.25], [-0.35, -1.59, -0.4270487751207385, -0.4423819644969471], [-1.1832372834827847, -1.8148031988511666, -0.25, -0.25], [0.76, -1.756731717817748, -0.25, -0.2841342337327196], [-1.4631804173610587, -1.3096820683194959, -0.25, -0.0682753637479412], [0.76, -1.8986513914246037, -0.30630317572984067, -0.14678525824098465], [-1.59, -1.1957943851957507, -0.5, 0.3006114586987492], [-1.18, -1.7935546084095049, -0.18615891130371826, -0.25], [0.76, -1.7943637720853136, 0.0, -0.2529676393113804], [-1.59, -2.0, -0.10990455436913742, -0.05352732557614335], [0.76, -2.0, 0.0, -0.056914445625147504], [-1.18, -1.7991824264621197, 0.12819720517827118, -0.25], [0.76, -1.6000288356919696, 0.24973295900938447, -0.44490829715118124], [-1.59, -2.0, 0.06524771319275302, -0.057177427722270524], [0.9931567002048205, -1.9618218175200612, 0.25, -0.1008464208696499], [-1.18, -1.5903902342120146, 0.5, -0.4615616598262467], [0.9875272919042034, -1.8113065105458643, 0.5, -0.25], [-1.18, -2.0, 0.5, -0.06317643154765144], [0.76, -2.0, 0.25, -0.09990022599791637], [-0.35, -1.59, -0.006909461041804011, -0.5], [-1.59, -1.0, -0.5, -0.4700488323259214], [-0.35, -1.5427639324476925, 0.25, -0.5], [-1.59, 0.7784990896983484, 0.11644087547032224, 0.40781065845115505], [-0.35, -1.5502262164162988, 0.5, -0.5], [-1.18, 2.0, -0.25, 0.13527649294335253], [0.76, 2.0, -0.25, 0.09624149986033695], [-1.59, 1.6769853504331171, -0.4108317291036309, 0.2971897193187022], [0.76, 1.9205814440906002, -0.25, 0.4899919204280464], [-1.59, 2.0, 0.0, 0.07774638123529132], [0.76, 2.0, -0.0578945704536953, 0.10671930352502358], [-1.18, 1.6995491081843812, -0.045877137980349494, 0.3755098458854388], [1.17, 1.3452816184693979, -0.013214577387001013, 0.3954267086205233], [-1.18, 2.0, 0.24234364621788593, 0.07283681009859341], [0.76, 1.9988224864604025, 0.2064849984541972, 0.06683153462533076], [-1.59, 1.6294425321993586, 0.0, 0.5], [1.0832967711683703, 1.7057149609743825, 0.06859331567132783, 0.2858770417889962], [-1.59, 1.8926432386685386, 0.263915758638568, 0.2029816922850132], [0.76, 2.0, 0.25, 0.06153486294444717], [-1.18, 1.8785103253930586, 0.25274048593680215, 0.25], [0.76, 1.8792390154461784, 0.25, 0.25], [-1.18, -2.0, -0.25, -0.2615712682992471], [1.17, -1.6879614306640134, -0.25, -0.3503098909820895], [-1.0018058041789728, -1.814541311785881, -0.25, -0.14106098367111577], [1.17, -1.921958022905043, -0.25, -0.12597421520304003], [-1.18, -1.7882814210723958, -0.08861513038516083, -0.25653464232672063], [1.5130854282862964, -1.798085295185205, 0.0, -0.25], [-1.104758457490402, -1.9623256134463438, 0.0, -0.09093267477730356], [1.17, -2.0, 0.0, -0.08459265453711949], [-0.9592021002279821, -1.541171847052975, 0.19481340063930655, -0.5], [1.17, -1.7372560925375968, 0.24917151434361948, -0.31426712767905834], [-0.76, -1.8006649889422761, 0.16132600313733414, -0.25], [1.4060160031622935, -2.0, 0.25, -0.11649616766742739], [-0.17428014776282036, 1.59, -0.4665242124759478, 0.5], [-1.18, -1.5503961741476864, 0.5, -0.5], [1.17, -1.5426422313297568, 0.25, -0.5], [-1.18, -2.0, 0.5, -0.22013552187934654], [1.17, -1.9706696861196862, 0.5, -0.09364007518452391], [0.16142086038630274, 1.5679465893000586, -0.06814780557092859, 0.5], [1.59, 1.0, -0.019227486604827954, 0.3139276095008215], [0.13451541093809613, 1.59, 0.19158445674272007, 0.5], [-1.18, 2.0, -0.25, 0.1352764929433525], [1.17, 2.0, -0.25, 0.0909290707340124], [-1.18, 1.640698899691472, -0.3721400685094425, 0.48578889648709667], [1.17, 1.564900093354885, -0.3111362922148719, 0.5], [-1.18, 1.903812186506829, -0.12062616895748879, 0.17412964751773152], [1.59, 1.945233724702175, -0.05402341145359296, 0.1235443543605907], [-1.18, 1.833932900471275, -0.25, 0.3364055914942139], [1.4017744213745287, 1.1614913407863623, 0.0, 0.5], [-1.18, 1.9710549862439541, 0.15202006003482268, 0.10315563893461115], [1.17, 2.0, 0.17897301313758915, 0.06502520781597086], [-1.18, 1.8788526921713564, 0.25, 0.25], [1.4317173419866203, 1.226347069907496, 0.10711725557939128, 0.5], [-0.1491233929681205, 1.5630511146012818, 0.5, 0.5], [-1.18, 1.9261791621871223, 0.25, 0.153275611406637], [1.17, 1.939676067173603, 0.27236274068759087, 0.1242386385571017], [-0.908925099519266, 2.0, 0.46526341623615985, 0.5], [1.1834992523963983, 1.8111649033485415, 0.5, 0.25], [-0.76, -1.6488045558593079, -0.38562979062161173, -0.3863231691209709], [1.59, -1.7929867305536487, -0.25, -0.25], [-0.76, -2.0, -0.25642359266688564, -0.05136386732774993], [1.59, -2.0, -0.25, -0.11740178047290292], [-0.76, -2.0, -0.060622245916757286, -0.325708713375285], [1.59, -1.7981375641001767, 0.0, -0.25], [-0.76, -1.9538068011022356, -0.11960127599137518, -0.09694592091118537], [1.59, -2.0, -0.02110307144904073, -0.05721990113843118], [-0.35, 2.0, -0.4711692787945647, 0.09855108906237385], [-0.42471194312132693, -1.8036892095772268, 0.239140587582713, -0.25], [1.8389190214884739, -1.023308111782041, 0.25, -0.4745919330028324], [-0.76, -2.0, 0.25, -0.174359237584637], [1.8389075901947773, -1.3176521904533356, 0.25, -0.08994958494692921], [1.8413322773646983, -1.3660394733297554, 0.25, 0.0], [2.0, -1.5972546492858546, 0.06428846217625184, 0.35969449434050943], [-0.3346306559509879, 1.59, -0.25, 0.5], [-0.76, -1.5503101714402336, 0.5, -0.5], [1.783647475114371, -1.1172888589964969, 0.3096045219143979, -0.28695559234437834], [-0.76, -2.0, 0.5, -0.24112007867324214], [1.617162488489713, -1.0, 0.5, 0.0], [1.6163268955190406, -1.0, 0.5, 0.2469501317118818], [1.6408314699523374, -1.4127385277819648, 0.4612217947913045, 0.5], [1.9300926914914247, -0.21576665927754543, -0.0874109438631192, 0.00495399437978121], [-0.35, 2.0, -0.11422074788025753, 0.12850298071384664], [1.8388138318994984, -0.5888271952690524, 0.25, -0.25], [1.839604669924005, -1.0, 0.25, -0.13262002262803696], [1.8408790778896456, -0.6044875511438417, 0.25, 0.16042824949105514], [1.87735889313507, -0.7408676929792223, 0.2045624664323353, 0.25], [-0.35, 1.8229045776316208, -0.06325200369871192, 0.25], [1.7308357435382078, -0.4506714519228661, 0.3705758253328049, -0.28352017379963146], [1.8410316713535457, -1.0, 0.25, 0.0], [1.842418743847984, -0.9453777101137468, 0.25, 0.10799758564006556], [1.6912857287500982, -0.932427215841327, 0.4156665986699221, 0.25], [1.99292035915202, 0.8343578054126269, -0.006783698486325881, 0.440655845399383], [-0.35, 2.0, 0.2405939994776114, 0.06978881683764748], [1.9119874989107437, 0.029809445149814057, 0.1686707492846499, -0.28459069113187185], [1.9661457508419136, 0.0, 0.11071849927394943, 0.0], [1.8361737276904593, 0.5865534226432251, 0.25, 0.22976695468580288], [1.8712767548596985, 0.7766275101872847, 0.20931442971247605, 0.2518455698052195], [0.21387030921759864, 1.7981324373734002, 0.05558727134201848, 0.27121985164241175], [1.839984913555279, 0.0, 0.25, -0.37414638272948264], [1.8424109743199397, 0.0, 0.25, -0.06555592079441878], [1.8404821276844003, 0.0, 0.25, 0.12948005008091276], [1.7875537377491129, 0.4204726465862523, 0.3046403363295354, 0.25], [-0.76, 2.0, -0.25, 0.1401318529517944], [1.59, 2.0, -0.25, 0.15671572946238016], [-0.76, 1.8351807180986175, -0.4124871608369838, 0.25], [1.7246141329237261, 1.3674462767368134, -0.25, 0.5], [-0.35, 1.8224438130445049, -0.003171040813740594, 0.25], [1.7044038028724944, 1.3839511543972787, 0.0, 0.2414724153635932], [-0.76, 2.0, -0.2284577212140186, 0.25], [2.0, 1.2874206630848541, -0.07651160419145359, 0.2874241256045796], [-0.35, 1.9669569145375718, 0.2896267552309722, 0.10224870990189261], [1.8866696300307342, 1.5732255794514096, 0.2015382693470806, -0.4195915211866405], [1.8454232957829897, 1.4430370349876245, 0.24586875372606254, -0.02442238320134832], [-0.76, 2.0, 0.25, 0.07470870697365593], [2.0, 1.1704598011860665, 0.06377461833237581, 0.0], [-0.7284502946526339, 1.6936037897510159, 0.05924223274929817, 0.4256635969395645], [1.8972867048944357, 1.0, 0.1795885133741486, 0.5], [-0.35, 1.59, 0.5, 0.4741320758910091], [1.6185992157486586, 1.0, 0.5, -0.3618833968941197], [1.8419595291991362, 1.029955628757635, 0.25, -0.008822996841204812], [-0.76, 1.9702124192735129, 0.3187801197510942, 0.09954947593209237], [1.8400216085132326, 1.0, 0.25, 0.06906892177458518], [-0.76, 1.8875168704127208, 0.25561007428281823, 0.25], [1.7898372168334868, 1.0, 0.3009431297741231, 0.25]]

Index: 4
Counterexamples: [[-0.35, -1.7644039513906737, -0.4361809817827692, -0.27354941406976263], [-1.59, -1.5018306272465314, -0.25, -0.25], [0.35, -1.5305859469778011, -0.3807742755350327, -0.5], [-2.0, -1.9877076650482066, -0.3166204277063466, -0.06445895898795079], [0.4928917816548089, -2.0, -0.3392073428145796, -0.15875438780601409], [-1.911661219599158, -1.8941293370261474, -0.27457439121033517, 0.04081620671369918], [-1.832697005429662, -1.523817298705191, -0.25, 0.4488083444578138], [-0.35, -1.8595555424446208, -0.40414867611843525, -0.25], [-1.59, -1.5709397587078715, -0.06918287385118316, -0.25], [0.6745316708767753, -1.7118561105253973, -0.19439339295396774, -0.32815174699525457], [-2.0, -1.5045379818689266, -0.0593046717947556, 0.0], [0.35, -2.0, -0.05332343608536271, -0.05532661596919583], [-2.0, -1.9375179662373494, -0.08752725785931209, 0.15726931131056168], [-1.9430114469580264, -2.0, -0.1225878454144005, 0.5], [-1.59, -1.80321118929457, 0.24305901979353717, -0.25], [0.35, -1.6693001821142444, 0.25, -0.3787165836043746], [-2.0, -1.8782972736712025, 0.15612081709818035, -0.17726472978377183], [0.35, -2.0, 0.25, -0.09531522911067279], [-1.9334423914425978, -1.710780612319419, 0.5, -0.3468704422996348], [0.35, -1.712874526797773, 0.4237515199652135, -0.34217474680390747], [-2.0, -1.8212478830452108, 0.5, -0.2396309656691102], [0.35, -2.0, 0.25, -0.10066239949215416], [-0.35, -1.59, -0.25, -0.5], [-1.7854831765219839, -0.38659314108802517, -0.295868209244334, -0.25], [-1.9898322407490079, -0.8177977984941862, -0.25, -0.14558376227447675], [-1.6107936091314052, 0.0, -0.5, 0.25], [-1.8375719691104873, -0.5205147634691105, -0.25, 0.2813774424083503], [-0.35, -1.9425426857204235, 0.0, -0.1277786313517794], [0.08457424657136607, 0.35, -0.10322711492843772, -0.053162966228396405], [-1.9983577246257611, -0.48890100190616803, -0.05086726751103191, -0.25], [-1.8476140775096013, -0.9490052006035166, -0.1398305154452842, -0.24830617722682774], [-2.0, -0.8486670184744266, -0.09998631171555888, 0.16619571360238733], [-2.0, -0.6028353940085274, -0.06397958083445328, 0.25], [-1.8572515552835063, -0.8044699610290625, 0.1581596160669934, -0.46360805404860955], [-0.35, -1.7913074680377283, 0.23820827742096215, -0.26178370965280195], [-2.0, 0.0, -0.27397733474918373, -0.31976280225160797], [-2.0, 0.0602070143403748, -0.25, -0.04824968338265588], [-1.8375675469118735, 0.0, -0.25, 0.18572927028821412], [-1.8273667407322691, 1.0, -0.25268800202242714, 0.3237936849515574], [-0.35, -2.0, 0.25, -0.09309616912078304], [-1.897716987235375, 0.47651934875037977, -0.16517253530980522, -0.36410198268712657], [-2.0, 0.0, -0.2213703376566336, -0.056364437069082514], [-1.9655680209925361, 1.0, -0.10546001413665095, 0.15164427170685105], [-1.9178613392009924, 1.0, -0.15492862272387276, 0.25], [-0.35, -1.8040781818801257, 0.25, -0.25], [-1.824485012390071, 1.0, -0.25, -0.3783347737888456], [-1.8377178476076435, 1.4116136955001397, -0.25, -0.0008777008093911711], [-1.8375930361632213, 1.263449399473169, -0.25, 0.04020900027980433], [0.5702394251114101, 2.0, -0.393323937274199, 0.12575044212724545], [-1.7732638827791396, 1.0, -0.30879104286404246, 0.5], [0.35, 1.568500798951316, -0.3233611305103819, 0.5], [-0.35, -2.0, 0.4638716683708083, -0.06309262436373972], [-1.8285958897585153, 1.0, -0.25, -0.32282567861424627], [-1.8376642458249304, 1.4901607507397463, -0.25, -0.047116770249560146], [-1.9684577199602236, 1.1928385488862594, -0.1003668681661449, 0.1666902358957137], [0.746279035083807, 1.7885528896638445, 0.0, 0.17216122931182423], [-1.9685194642031887, 1.2005207824694548, -0.09565769354822434, 0.25], [0.6108508223463924, 1.6521301420744323, -0.006115658671877161, 0.25], [-1.91966771046902, 2.0, 0.1631865764172037, 0.0954891871149664], [0.76, 2.0, 0.19766730355460144, 0.0662808971088888], [-2.0, 1.862498057305555, 0.25, 0.25], [0.35, 1.564338497396473, 0.25, 0.5], [-2.0, 2.0, 0.26118690637947334, 0.07412228423215142], [0.7288400082365716, 2.0, 0.2705433061578813, 0.10540666171922182], [-2.0, 1.7007803778443877, 0.25, 0.3747979514139991], [0.35, 1.8837955265491513, 0.25703474352846734, 0.25], [-0.2749297953703233, -1.59, -0.45443884876650903, -0.44199729102653934], [-1.18, -1.8190281957952714, -0.25, -0.25], [0.76, -1.7621599438449964, -0.25, -0.2789301622112163], [-1.4658560471632311, -1.3005043220144037, -0.25, -0.06952204921800872], [0.76, -1.9064055539183542, -0.29229717425981566, -0.13962831337073348], [-1.18, -1.7935546084095049, -0.18615891130371826, -0.25], [0.76, -1.7943637720853136, 0.0, -0.2529676393113804], [-1.5435105715278594, -2.0, -0.05828608565306509, -0.08307799133562199], [0.76, -2.0, 0.0, -0.056914445625148156], [-1.5898334082111458, -1.7975627508868484, 0.07316292876289193, -0.25], [0.76, -1.6000288356919703, 0.24973295900938441, -0.44490829715118113], [-1.18, -2.0, 0.25, -0.12433680940109035], [0.76, -1.8046664138864315, 0.25, -0.25], [-1.18, -1.6662918529192587, 0.44251583357565194, -0.38728894929070046], [0.9875272919042034, -1.8113065105458643, 0.5, -0.25], [-1.18, -2.0, 0.5, -0.18561406627581273], [0.76, -2.0, 0.25, -0.09990022599791637], [-0.35, -1.59, -0.2436850278613675, -0.4448096500820725], [-1.59, -1.0, -0.49921464698516893, -0.48776386765736235], [-0.35, -1.5427639324476925, 0.25, -0.5], [-0.35, -1.5456987742311044, 0.3454345311792165, -0.5], [-1.4093250223181415, 2.0, -0.2670464897265591, 0.10929525090004535], [0.76, 2.0, -0.25, 0.0927205370090102], [-1.59, 1.6255428319778014, -0.5, 0.40445005532660433], [0.76, 1.9298202579952055, -0.25, 0.4898591908591988], [-1.476092488388086, 1.8713800190538399, -0.048133882410406864, 0.21879922905301122], [0.76, 2.0, -0.21861817246820245, 0.07658825723845261], [-1.59, 1.942566121618811, -0.10939727698388106, 0.5], [0.983141675504398, 1.8167949666783758, 0.0, 0.25], [-1.59, 2.0, 0.01622385525289797, 0.07751965253952077], [0.76, 2.0, 0.19766730355460155, 0.06628089710888879], [-1.59, 1.9108068183140758, 0.07701404219339805, 0.271675920483749], [1.17, 1.4063111895176466, 0.0, 0.292346557879515], [-1.59, 2.0, 0.5, 0.06149858594740975], [1.1449462531584493, 1.8548365601089865, 0.5, 0.20631130062797942], [-1.18, 1.8851172516021522, 0.30673728794221405, 0.25], [1.1197382124459487, 1.709567248222336, 0.4355354966502783, 0.37348890825314496], [-1.18, -2.0, -0.25, -0.2615712682992471], [1.17, -1.6714022671479347, -0.25, -0.3662461831938491], [-1.0726550373255104, -1.7648884164358019, -0.25, -0.07670645641396281], [1.17, -1.921958022905043, -0.25, -0.12597421520304003], [-1.18, -1.8540759142643501, -0.024499315403816477, -0.25], [1.17, -1.7978521442662083, 0.0, -0.25], [-1.18, -2.0, 0.0, -0.15396370038386825], [1.17, -2.0, 0.0, -0.08459265453711949], [-1.16243338811266, -1.5417024991851969, 0.21693367073802144, -0.5], [1.4016933619439156, -1.7088441819229827, 0.1903317130517124, -0.422023191416126], [-1.18, -1.9653763378819118, 0.134198741663853, -0.10178554501395168], [1.59, -2.0, 0.24046114322921247, -0.10200290269672171], [0.35, 1.56850079895132, -0.32336113051037896, 0.5], [-1.18, -1.8103706219655498, 0.5, -0.25], [1.17, -1.8071151126135594, 0.5, -0.25410515644102344], [-1.18, -2.0, 0.5, -0.18561406627581278], [1.439032945455137, -1.8966474759158918, 0.3883292236192922, -0.193784474732819], [0.17425109142062534, 1.5678788544471094, -0.06657626221960139, 0.5], [-0.35, 1.59, 0.18012628281697793, 0.4782668041797407], [-0.986714297244874, 1.9465117056366685, -0.37568473121170176, 0.16382891023546767], [1.1701777305873102, 1.9757901818425576, -0.4497872306107233, 0.09778386723085407], [-1.1043965850923019, 1.8672635963245292, -0.25, 0.25], [1.17, 1.564900093354868, -0.31113629221486777, 0.5], [-1.18, 2.0, -0.10998262897240492, 0.12879431720137818], [1.17, 2.0, -0.07004164924684636, 0.12307246942406574], [-1.18, 1.8591185038688123, -0.1830751575483511, 0.25], [1.4481992313720842, 1.2062916672469663, 0.0, 0.5], [-1.18, 1.9710549862439541, 0.15202006003482268, 0.10315563893461115], [1.17, 2.0, 0.18484118897011076, 0.06451257193985996], [-1.18, 1.8788526921713564, 0.25, 0.25], [1.466490415997174, 1.254523023077366, 0.08809199116898882, 0.5], [0.12743835594996508, 1.5636058675937903, 0.3509485205273054, 0.5], [-1.18, 1.9205285304707076, 0.2734787328523105, 0.1530611326578625], [1.17, 2.0, 0.4995190266364131, 0.07875202690837356], [-1.053389873379152, 1.8084150176113836, 0.3328896576333961, 0.27194920178056753], [1.1834992523963983, 1.8111649033485415, 0.5, 0.25], [-0.76, -1.5655660679470667, -0.5, -0.4643992376468923], [1.59, -1.7929867305536487, -0.25, -0.25], [-0.76, -1.915840708501346, -0.2556834032158127, -0.13105434773036845], [1.59, -2.0, -0.25, -0.1174017804729029], [-0.76, -1.532606823288645, -0.25, -0.5], [1.59, -1.798137564100177, 0.0, -0.25], [-0.7213382269235945, -1.983730829703235, -0.25, -0.12604091685560564], [1.8586184417023903, -2.0, -0.08825117713576222, -0.09823487486209159], [-0.10986654364693973, 1.9719949116224675, -0.40198553593259084, 0.21234305123317], [-0.76, -1.7993429692399392, 0.24136751188328856, -0.2541555995081924], [1.8389732982530003, -1.0223789783396768, 0.25, -0.476490676510917], [-0.534380381190064, -2.0, 0.25, -0.1350026050231234], [1.8389075901947773, -1.3176521904533356, 0.25, -0.08994958494692921], [1.8410572108891168, -1.3636062799409068, 0.25, 0.14325229971186282], [2.0, -1.5972546492858541, 0.06428846217625118, 0.3596944943405087], [-0.3346306559509879, 1.59, -0.25, 0.5], [-0.76, -1.810465367814841, 0.5, -0.25], [1.7569803865574594, -1.0, 0.33977794549030094, -0.25], [-0.5660507372923469, -1.9175265670267039, 0.29643174607379486, -0.14303550887985436], [1.617162488489713, -1.0, 0.5, 0.0], [1.6162458829491375, -1.0, 0.5, 0.25], [1.6408214376087504, -1.4113387691747759, 0.46123232456276136, 0.5], [2.0, -0.23595415030834432, -0.08676852564487039, 0.00553472453489539], [-0.35, 2.0, -0.11422074788025753, 0.12850298071384664], [1.8388071699516355, -0.5905103196761413, 0.25, -0.25], [1.839604669924005, -1.0, 0.25, -0.13262002262803696], [1.8408790778896456, -0.6044875511438417, 0.25, 0.16042824949105514], [1.999906901956057, -0.6954961814283785, 0.06524367392049889, 0.25], [0.15881924859136154, 1.6951299180682426, -0.1976578384540799, 0.37525386201226674], [1.6150010365941914, 0.0, 0.5, -0.3648994752870588], [1.8410316713535457, -1.0, 0.25, 0.0], [2.0, -1.0, 0.5, 0.23453902371728658], [1.8372062097514086, -0.7777956312823331, 0.25, 0.25], [1.6990301701264499, 1.0, -0.008385507641805836, 0.36901375988245544], [-0.35, 2.0, 0.21310920582309315, 0.07018098444889186], [1.8845311720094704, 0.5200257200090489, 0.20075467616513262, -0.3511755859655724], [-0.49681251450977293, 0.1899799136390479, 0.03441564272010087, -0.04281732669615254], [1.954430153309048, 0.0, 0.12421770104776741, 0.0], [1.8649575380211005, 0.8602065484210774, 0.21670576020875598, 0.2277319561064313], [1.8711343053983591, 0.7793298150306183, 0.20946325711073294, 0.25151386424604205], [-0.2641535513948966, 1.59, 0.25, 0.5], [1.839984913555279, 0.0, 0.25, -0.37414638272948264], [1.8424038662258095, 0.0, 0.25, -0.06730897726987597], [1.8404821276844003, 0.0, 0.25, 0.12948005008091276], [1.7884312711307797, 0.41908311635877865, 0.3036510054224155, 0.25], [-0.6159859739709754, 2.0, -0.5, 0.10640486257254506], [1.59, 2.0, -0.25, 0.1567157294623802], [-0.76, 1.9887175282209302, -0.2525895006017369, 0.3435633455485609], [1.76020148289199, 1.3998289707109737, -0.25, 0.5], [-0.76, 2.0, -0.08758811545866717, 0.13126018845790727], [1.59, 2.0, -0.14196132724293892, 0.1484989998902067], [-0.76, 1.9958567149130257, -0.11265271632425486, 0.4235393277836791], [2.0, 1.2672869484831015, -0.09996392544078248, 0.34110523022983463], [-0.35, 1.9669569145375718, 0.2896267552309722, 0.10224870990189261], [1.9251880009138616, 1.3047977662826302, 0.15873550317421778, -0.2912495776883147], [2.0, 1.6197595400116318, 0.06140501451790139, -0.08934129346062054], [-0.76, 2.0, 0.25, 0.07470870697365593], [1.973326720990242, 1.0, 0.09738221306073407, 0.01218733737810368], [-0.5708506861243008, 1.8504538828754435, 0.024482389558356354, 0.2923168140783515], [1.907720608462131, 1.0860310795260577, 0.16872627139714272, 0.5], [-0.35, 1.59, 0.5, 0.4741320758910091], [1.6842087721552512, 1.0528231658862512, 0.42706191331312104, -0.25], [1.8240403355291142, 1.0955510354515967, 0.2696890657643966, 0.0], [-0.76, 1.9702124192735138, 0.31878011975109277, 0.09954947593209429], [1.8395920256494054, 1.0049285804229304, 0.25, 0.08414465399457537], [-0.76, 1.8863456081490744, 0.32495855658684825, 0.25], [1.8326236780529916, 1.2680526522326092, 0.25, 0.5]]

Index: 5
Counterexamples: [[-0.35, -1.708962802813449, -0.5, -0.3258133914297281], [-1.59, -1.5126264619618153, -0.25, -0.25], [0.35, -1.7922430759651267, -0.25, -0.25], [-1.826709146557845, -1.8609019559750517, -0.25, -0.056338779537752716], [0.35, -2.0, -0.36521701517228095, -0.15676407738100975], [-1.822246606215205, -1.1426865468517977, -0.5, 0.0], [-1.8325674364301625, -1.819603787550584, -0.25, 0.4708234724779922], [-0.35, -1.8595555424446208, -0.40414867611843525, -0.25], [-1.59, -1.795094556431307, -0.07863333420693151, -0.25], [0.35, -1.7969569072874987, 0.0, -0.25], [-1.9192390940981223, -1.9157275219642518, -0.030936163596195727, -0.13523653342058856], [0.35, -2.0, -0.01607550834477115, -0.25], [-2.0, -1.94219774953219, -0.06846100484075263, 0.154576899200201], [-1.9430114469580264, -2.0, -0.1225878454144005, 0.5], [-1.6125016537863326, -1.6361371147257566, 0.20201580507007136, -0.40853048510555795], [0.35, -1.6693001821142444, 0.25, -0.3787165836043746], [-1.7969603865977963, -2.0, 0.12517400106499088, -0.18111059753161193], [0.5477736695225007, -2.0, 0.07446723207249556, -0.05874678966911506], [-1.9444383057545507, -1.7128226422931958, 0.5, -0.34490724214625346], [0.35, -1.6946853777927333, 0.5, -0.36124955521965146], [-2.0, -1.816120651730325, 0.5, -0.24575671735055654], [0.4127459575806675, -1.9890330537378815, 0.4552301608205588, -0.0743762490256293], [-0.35, -1.59, -0.25, -0.5], [-1.7880761279541721, -0.38603215256309104, -0.2929557372888836, -0.25], [-1.836758237693698, -0.9935896480450302, -0.2808873831846818, -0.06435113556019195], [-1.6107936091314052, 0.0, -0.5, 0.25], [-1.8383459190686013, -0.4638659529719776, -0.25, 0.25], [-0.35, -1.9425426857204235, 0.0, -0.1277786313517794], [-1.9979495298132233, -0.486952619126316, -0.05136114404125857, -0.25], [-2.0, -0.5449686444298819, -0.21017044602653623, -0.11528036858905423], [-2.0, -0.3764661237243552, -0.08450431034296146, 0.15086803460674797], [-2.0, -0.6580457829693276, -0.061701884432309624, 0.2809877819746215], [-2.0, -1.0, 0.030029366478237517, -0.5], [-0.35, -1.7913074680377283, 0.23820827742096215, -0.26178370965280195], [-1.796162437395366, 0.5167529405491236, -0.38050516394550193, -0.42260886094745254], [-1.8370727021737827, 0.0, -0.25, -0.032475441090786414], [-1.8373465472938344, 0.0, -0.25, 0.19623857451779886], [-1.8297220708707858, 1.0, -0.25, 0.32341559053856656], [-0.35, -2.0, 0.25, -0.09309616912078304], [-1.8914960144579869, 0.6216956581340096, -0.25, -0.4065943319284074], [-1.8360783860189323, 0.0, -0.25, -0.08357883618572345], [-1.9655680209925372, 1.0, -0.10546001413665106, 0.15164427170685102], [-1.9178613392009924, 1.0, -0.15492862272387276, 0.25], [-1.59, 0.8224484243109417, 0.08110525193145514, 0.39387878307066304], [-0.35, -1.7485865931903801, 0.377938739672277, -0.3065468808242559], [-1.824485012390071, 1.0, -0.25, -0.3783347737888456], [-1.83771869763453, 1.4130446890916821, -0.25, -0.0010715019217626554], [-1.8373539004282968, 1.2571358982450078, -0.25, 0.05259833594155938], [0.5898786783267684, 2.0, -0.4016861461384517, 0.1284785935834545], [-1.826275878415426, 1.107677520995177, -0.25, 0.33437700401773357], [0.35, 1.5684999355598497, -0.3218217831990144, 0.5], [-0.35, -2.0, 0.4638716683708083, -0.06309262436373972], [-1.9929946832086416, 1.0, -0.05885219020631712, -0.3178552320558476], [-1.9745935460126127, 1.4057906761531864, -0.09764941942434335, -0.014461330406114276], [-1.9718278481176827, 1.2736982819480025, -0.09822161645442364, 0.11269056405121657], [0.6364624478679205, 1.9338986933520694, -0.01205412893769675, 0.13574206640978345], [-1.969058929575874, 1.2007108854799609, -0.09503573115388889, 0.25], [0.76, 1.861366145984642, -0.14536240934980107, 0.25], [-1.59, 1.8995427582810152, 0.05738747061515033, 0.24026688747556812], [0.7052770274650667, 2.0, 0.2046347616188469, 0.06881917466679931], [-2.0, 1.862498057305555, 0.25, 0.25], [0.5592197995017715, 1.8820554455362806, 0.25, 0.25], [-2.0, 2.0, 0.3751771791363595, 0.06956688827926451], [0.35, 2.0, 0.32910411712457815, 0.05895623980858962], [-1.59, 1.870065811321717, 0.42983105097054836, 0.25], [0.35, 1.8837955265491513, 0.25703474352846734, 0.25], [-0.20894264224964657, -1.59, -0.5, -0.48492353268979344], [-1.18, -1.8193823232777326, -0.25, -0.25], [0.76, -1.7608257332314243, -0.25, -0.28020927760230824], [-1.59, -1.6649024092215514, -0.4422172496835624, -0.2046702371423866], [0.76, -2.0, -0.25, -0.12370474117863768], [-1.59, -1.1126817252286836, -0.5, 0.2869282800696441], [-1.18, -1.7935546084095049, -0.18615891130371826, -0.25], [0.76, -1.7943637720853136, 0.0, -0.2529676393113804], [-1.59, -2.0, -0.08875814748394456, -0.0926457682214677], [0.76, -2.0, -0.25, -0.20154662235910276], [-1.59, -1.5087457273033598, 0.08242380482097407, -0.5], [0.76, -1.6000288356919703, 0.24973295900938441, -0.44490829715118113], [-1.18, -1.9201563993278516, 0.25, -0.13853698421194577], [0.76, -1.8007554467926392, 0.12783045230779716, -0.25], [-1.59, -1.80643074273402, 0.3398764936864639, -0.2500613432043588], [0.9875272919080514, -1.8113065105458663, 0.5, -0.25], [-1.4745793651000403, -1.9159450307912689, 0.43278072907293264, -0.1475398227912934], [0.76, -2.0, 0.3905346725167202, -0.06285853931659591], [-0.35, -1.59, -0.10068635391602573, -0.4468177990039815], [-1.59, -1.0, -0.5, -0.4700488323259214], [-0.35, -1.5427639324476925, 0.25, -0.5], [-1.59, 0.8063087975673313, 0.08161905489315302, 0.3961468106869818], [-0.35, -1.5456619942254524, 0.344213173467688, -0.5], [-1.59, 2.0, -0.25, 0.11676715186806474], [1.102277161365492, 1.9854847316363746, -0.357001418325503, 0.08704160631851682], [-1.59, 1.6159710798825768, -0.5, 0.4049495201980012], [0.76, 1.9297882150436352, -0.25, 0.4729423767741284], [-1.59, 1.8553034458128603, -0.1795099482961235, 0.22402067172116996], [0.76, 2.0, -0.21658584507002027, 0.08841023049978296], [-1.59, 1.9435281014732289, -0.10939693149006914, 0.5], [1.17, 1.3853993797790702, -0.012148546385209699, 0.3943956525660452], [-1.232172486931334, 1.854096071580833, 0.07165808637320933, 0.25], [0.76, 1.9988224864604025, 0.2064849984541972, 0.06683153462533076], [-1.59, 1.8706753747384557, 0.25, 0.25], [0.76, 1.5155560470707248, 0.0, 0.4533217369930244], [-1.59, 1.9772432949265388, 0.28784970517200215, 0.09654495637933277], [0.76, 2.0, 0.25, 0.06153486294444717], [-1.18, 1.8851172516021522, 0.30673728794221405, 0.25], [0.76, 2.0, 0.25, 0.25461056245651936], [-1.18, -2.0, -0.25, -0.2615712682992471], [1.17, -1.6879614306640134, -0.25, -0.3503098909820895], [-0.8043164679577736, -2.0, -0.25, -0.1202983495744699], [1.3616457094666028, -1.97065103445427, -0.3451802621591484, -0.15364503689619952], [-1.18, -1.8545961761193885, -0.02450102330227759, -0.25], [1.17, -1.7978521442662083, 0.0, -0.25], [-1.18, -1.8772112395337353, -0.08738590445466038, -0.1711085005252307], [1.17, -2.0, 0.0, -0.05736829222449108], [-0.9617204875022181, -1.5411707440995508, 0.19483372048944153, -0.5], [1.17, -1.7375158796151768, 0.24911368970408854, -0.3140183213254612], [-1.18, -2.0, 0.25, -0.12433680940109026], [1.4795386473487304, -2.0, 0.07427866409741869, -0.07550112898682572], [-0.35, 1.5716242557372841, -0.31975551234194943, 0.5], [-1.18, -1.5503961741476853, 0.5, -0.5], [1.17, -1.8071151126135594, 0.5, -0.25410515644102344], [-1.18, -2.0, 0.5, -0.06317643154765144], [1.17, -2.0, 0.25, -0.10467700670678731], [-0.35, 1.59, -0.25, 0.48166124490943485], [-0.35, 1.59, 0.25, 0.4772693057898156], [-1.18, 1.9394573611195767, -0.25, 0.13961356290690094], [1.17, 2.0, -0.25, 0.12730683310624882], [-1.0709400657504233, 1.865582243423045, -0.25, 0.2891789360204604], [1.17, 1.564900093354868, -0.31113629221486777, 0.5], [-1.18, 1.8693943438196126, -0.16120570488643493, 0.2082634043866775], [1.5354754322461224, 2.0, -0.0004795510671219694, 0.13260305776937584], [-1.18, 1.8574039613237605, -0.1830832194301763, 0.25], [1.17, 1.9393622105976844, -0.148706309341316, 0.25], [-1.18, 2.0, 0.2423436462178854, 0.0728368100985933], [1.17, 2.0, 0.25, 0.10451825335326641], [-1.18, 1.5711733423336685, 0.19323745711183477, 0.5], [1.17, 1.5291467051601442, 0.1286361782335794, 0.36901763957392525], [0.12662348186908426, 1.5632265558443788, 0.37753794440102373, 0.5], [-1.18, 1.9201661580454485, 0.27314342639958844, 0.15467625037883903], [1.17, 2.0, 0.43481451594056875, 0.04719224106780404], [-1.18, 1.8449756119536989, 0.5, 0.25], [1.1834992523963983, 1.8111649033485415, 0.5, 0.25], [-0.76, -1.530613859348697, -0.38131758378931085, -0.5], [1.59, -1.7929867305536487, -0.25, -0.25], [-0.76, -2.0, -0.41345945672794493, -0.06532930067776122], [1.7664748608536145, -1.924281767374162, -0.3327855375876215, -0.12229535841178804], [-0.76, -1.6443716939176485, -0.22909062360756885, -0.39273154837403373], [1.59, -1.798137564100177, 0.0, -0.25], [-0.76, -1.9885329180748916, -0.25, -0.12613785936410166], [1.59, -2.0, -0.02110307144904073, -0.05721990113843118], [-0.35, 2.0, -0.34175835324746656, 0.21277539704087126], [-0.76, -1.6750208005501117, 0.12708349808946007, -0.36954797588263555], [1.8391531774372925, -1.015596485440731, 0.25, -0.4824175442050918], [-0.534380381190064, -2.0, 0.25, -0.1350026050231234], [1.8389075901947773, -1.3176521904533356, 0.25, -0.08994958494692921], [1.845466303357849, -1.507981942356547, 0.2470605618373818, 0.14067448128174703], [2.0, -1.5972546492858548, 0.06428846217625195, 0.3596944943405102], [-0.3346306559509879, 1.59, -0.25, 0.5], [-0.76, -1.810465367814841, 0.5, -0.25], [1.612763312004663, -1.0, 0.5, -0.29422307065116093], [-0.76, -2.0, 0.5, -0.06328227061123796], [1.617162488489713, -1.0, 0.5, 0.0], [1.6162458829491375, -1.0, 0.5, 0.25], [1.8321927153365287, -1.148724147704774, 0.25, 0.44489077165626173], [-0.35, 1.9161476224789131, -0.0955114109331978, 0.15815428530149087], [1.8388018077679449, -0.5918650619271141, 0.25, -0.25], [2.0, -0.13283249485074594, 0.25, -0.2496765818864591], [-0.5016613041344697, -0.13699581795898336, 0.03737585688927078, 0.011171216463266947], [1.890993227605665, -1.0, 0.1943342573462728, 0.14057588564399642], [2.0, -0.7050960369810025, 0.0651222069504219, 0.2517571620848171], [0.15718909954620816, 1.692298710703555, -0.19908446754111928, 0.37806784892270806], [1.6150010365941914, 0.0, 0.5, -0.3648994752870588], [1.8410316713535457, -1.0, 0.25, 0.0], [2.0, -0.2034844209963097, 0.328144026087815, 0.0], [1.8372062097514086, -0.7777956312823331, 0.25, 0.25], [1.6513730730646587, 1.0, -0.012102330872972272, 0.34230467938682524], [-0.35, 2.0, 0.2405939994776114, 0.06978881683764748], [1.8416024847751973, 0.0, 0.25, -0.25], [-0.5443918457995228, 0.1878489971857171, 0.03474270912569473, -0.0407038657392028], [1.9661457508419136, 0.0, 0.11071849927394943, 0.0], [1.864969142144528, 0.859658799979338, 0.21669467062697015, 0.22770446721641224], [1.871150766652046, 0.0, 0.21015850872166408, 0.25], [-0.147894092016682, 1.6863037625912873, 0.12451591837280525, 0.5], [1.8399849135552797, 0.0, 0.25, -0.37414638272948536], [1.8424038662258095, 0.0, 0.25, -0.06730897726987597], [1.8404821276844, 0.0, 0.25, 0.12948005008091273], [1.786399215343598, 0.41377283226975436, 0.30596227483099986, 0.25], [-0.7474725215299451, 2.0, -0.25, 0.09963309579710865], [1.9075447323296293, 1.8743161062957336, -0.3117162872136267, 0.19152769117994609], [-0.76, 1.9865479790344767, -0.25239851538267993, 0.343400830834146], [1.7564980754202904, 1.3964590566565516, -0.25, 0.5], [-0.76, 2.0, -0.11266242985592681, 0.14387574506734713], [1.59, 2.0, -0.14196132724293892, 0.1484989998902067], [-0.76, 1.8600147936855465, -0.14490517842625608, 0.38837793183057934], [2.0, 1.2669334534032133, -0.0953695069288401, 0.3303972931842758], [-0.35, 1.9669569145375718, 0.2896267552309722, 0.10224870990189261], [1.9284282962318788, 1.59256728266198, 0.15248967462869073, -0.3075862590112347], [1.97549567829784, 1.3249204212017276, 0.093162977915947, 0.0], [-0.76, 2.0, 0.25, 0.07470870697365593], [1.871846774617075, 1.6010346826231574, 0.25, 0.17013114105462018], [-0.76, 1.5855694021291467, 0.25, 0.4880807970159792], [1.9362178218824864, 1.0, 0.13542781356378716, 0.34267350295518734], [-0.35, 1.59, 0.5, 0.4741320758910091], [1.6842443846629844, 1.0511256664367261, 0.42702040616951875, -0.25], [1.8415733840312536, 1.11639526102498, 0.25, 0.0], [-0.76, 1.9702124192735129, 0.3187801197510913, 0.09954947593209008], [1.830940447387581, 1.156667123880991, 0.26035437771467485, 0.05558238347201443], [-0.76, 1.8875168704127216, 0.2556100742828181, 0.25], [1.8326236780529916, 1.2680526522326092, 0.25, 0.5]]

Index: 6
Counterexamples: [[-0.35, -1.7795045376890628, -0.4825662127858374, -0.2973359502806177], [-1.59, -1.623834422518808, -0.25, -0.25], [0.35, -1.79183904725664, -0.26351068157323276, -0.25], [-1.59, -1.9417725988828334, -0.36840899333937643, -0.10460576043956052], [0.35, -1.9667489398391897, -0.4518272173239409, -0.1391307647790409], [-2.0, -2.0, -0.25, 0.060489382273125177], [-1.8327228065925918, -1.5244984832289703, -0.25, 0.4499223490250247], [-0.35, -1.9331317809957278, -0.25, -0.12388188718670015], [-1.8212841607123398, -1.8292806722919792, -0.24342808670087168, -0.3090996698951635], [0.35, -1.537067202916769, 0.0, -0.5], [-2.0, -1.623006195984096, -0.05845425651865514, 0.0], [0.35, -2.0, -0.230492983371154, -0.20929799114191805], [-2.0, -1.2475815140968016, -0.06288900915545886, 0.030513545791317927], [-1.8949306463393198, -1.8628575027153198, -0.17869569871499483, 0.4571248106530127], [-1.59, -1.8032456464277795, 0.24173746608740126, -0.25], [0.35, -1.6647637294945246, 0.25, -0.38304671912830274], [-1.59, -2.0, 0.25, -0.08428354651494752], [0.35, -1.800697184198197, 0.13681399295270566, -0.25], [-1.59, -1.810518631743965, 0.5, -0.25], [0.35, -1.877143559284296, 0.4701681865705075, -0.41742994300328456], [-1.59, -2.0, 0.5, -0.06772467571972426], [0.35, -2.0, 0.46064020264858924, -0.10274637017957185], [-0.35, -1.59, -0.25, -0.5], [-1.7534648133113164, -0.5745920147278262, -0.3305809797595841, -0.25], [-2.0, -0.1196619016543334, -0.25, -0.13645103234468664], [-1.8058717533629063, -0.10119097168739943, -0.475455528112978, 0.1252090552617456], [-1.831717007072204, -0.7934458602684908, -0.25, 0.4252361903941385], [-0.35, -2.0, -0.2011505009446543, -0.25], [-2.0, 0.0, -0.05533879692551635, -0.25], [-2.0, -0.5421735410725514, -0.21237657686341224, -0.1783262449037367], [-2.0, -0.6570853691576815, -0.10953795522732057, 0.17965421569831774], [-2.0, -0.6032033791204029, -0.06390244220883214, 0.25], [-1.8477877583312918, -1.0, 0.0, -0.467142861441325], [-0.35, -1.783231123365808, 0.242849577185238, -0.2696635008842803], [-1.7639288167428593, 0.7301479482810649, -0.3996538178609225, -0.4623567705624741], [-2.0, 0.6411458128160964, -0.3486152450196451, -0.20192138322735761], [-1.837812199196334, 0.0, -0.25, 0.17057737097236084], [-1.8292443893758203, 1.0, -0.25, 0.36148574552003754], [-0.35, -2.0, 0.25, -0.10288739917794869], [-1.8610208405880342, 0.5313727310997661, -0.2066013878467556, -0.37957052499423743], [-1.8372706022501542, 0.0, -0.25, -0.03541028988739245], [-1.963045719545789, 1.0, -0.10852479419892339, 0.156171520633597], [-1.917707287912276, 1.0, -0.15550609996119094, 0.25], [-1.59, 0.8190359508935802, 0.07452863199984762, 0.4041828674872083], [-0.35, -1.7951184249297822, 0.25, -0.2627308790220736], [-1.82512712388665, 1.0, -0.25, -0.37312472583536677], [-1.6111135141007795, 1.1949813955767954, -0.5, 0.0], [-1.8381065209314467, 1.2720059621968633, -0.25, 0.02332133302329437], [0.35, 2.0, -0.25, 0.10776613400434941], [-1.7725241713157807, 1.0, -0.3102551728083783, 0.5], [0.76, 1.9600733626153923, -0.25, 0.4910529037816325], [-0.35, -2.0, 0.4402874379452901, -0.06284094008646786], [-1.9624726160485066, 1.0, -0.09453213145464563, -0.3123422320931723], [-2.0, 1.3541857262904013, -0.0995256890357793, -0.0018020581578171713], [-1.9785622566631689, 1.2740113256723316, -0.090768581470004, 0.11704381435046685], [0.35, 2.0, -0.07281048472921252, 0.11935060541739645], [-1.9173815966089482, 1.1222545572541578, -0.1563402803376084, 0.25], [0.76, 1.6422913872025247, -0.0035679058660423387, 0.25], [-2.0, 1.921442448578319, 0.13124897988841175, 0.15622714737320106], [0.76, 2.0, 0.00995559985743288, 0.16599003226764417], [-2.0, 1.5735170259948006, 0.25, 0.5], [0.35, 1.8827351256378067, 0.25, 0.25], [-2.0, 2.0, 0.37558887089631293, 0.06929234213715482], [0.35, 2.0, 0.25, 0.0641196943762479], [-2.0, 1.8596229549675454, 0.25426396054606176, 0.25], [0.35, 1.8827351256378067, 0.25, 0.25], [-0.32975509406047093, -1.59, -0.45344308151980184, -0.44169705280957705], [-1.18, -1.8210739879051316, -0.25, -0.25], [0.76, -1.7641415632039679, -0.25, -0.2768282549085763], [-1.59, -2.0, -0.46057508035950395, -0.22914296159178735], [0.76, -2.0, -0.25, -0.12257618769337432], [-1.59, -1.1805084510280404, -0.5, 0.2985207284555396], [-1.3944036393199464, -1.3965128527054178, -0.06184309423163324, -0.28940263465175475], [0.76, -1.7941749534727482, 0.0, -0.25307626503759467], [-1.57338222146463, -2.0, -0.03705809345445636, -0.07616511596391203], [0.76, -1.8471781666233005, -0.21929143517480146, -0.19780785532390663], [-1.3116376249291464, -1.4476072697167766, 0.0, -0.38463268718726706], [0.76, -1.8042181969951248, 0.2351902235264769, -0.25], [-1.18, -2.0, 0.035560010859923934, -0.06771481118255666], [1.17, -2.0, 0.25, -0.10741731140150329], [-1.18, -1.5888002079843642, 0.5, -0.4631474720534646], [0.9197780490657793, -1.8113844608768228, 0.5, -0.25], [-1.59, -2.0, 0.5, -0.1414692210724815], [0.76, -2.0, 0.25, -0.10198948780890678], [-0.35, -1.59, 0.0, -0.44862336326602775], [-1.59, -1.0, -0.49975502838294794, -0.4818391781774753], [-0.35, -1.5427246473240246, 0.25, -0.5], [-1.59, 0.8190359508935984, 0.07452863199984587, 0.4041828674871742], [-0.35, -1.59, 0.341722128150183, -0.47908515842685084], [-1.18, 2.0, -0.5, 0.18491163750852746], [0.76, 2.0, -0.25, 0.0986809146271066], [-1.59, 2.0, -0.5, 0.5], [0.76, 2.0, -0.4514701572609035, 0.2785872911336721], [-1.1892370035710738, 1.8739818614717432, -0.1757258883873833, 0.22998949880162994], [0.76, 2.0, -0.06601862095716839, 0.12091288652874412], [-1.59, 1.93507525500608, -0.07609185987786357, 0.4199921413958848], [1.17, 1.496225231928783, -0.07088174177637646, 0.30355152220767423], [-1.59, 1.9982844284341341, 0.23820333551923797, 0.07613222459736685], [0.76, 2.0, 0.25, 0.061214054826989425], [-1.59, 1.9087904461997283, 0.19767330922554266, 0.5], [0.76, 1.651019396752436, 0.19014316826425187, 0.5], [-1.59, 1.9661645942664803, 0.33675734311503785, 0.10698187314205564], [0.76, 2.0, 0.25, 0.061214054826989425], [-1.18, 1.8831594417348851, 0.30890420533179735, 0.25], [1.0576920112614838, 1.641936480256843, 0.41771057906278214, 0.4192430518175781], [-1.18, -2.0, -0.25, -0.26058578922337233], [1.17, -1.7875983427954243, -0.4586000225535156, -0.25], [-1.122949886121958, -1.7199439369408769, -0.25, -0.09282534691389224], [1.17, -1.923016814966578, -0.25, -0.12476651082988958], [-1.18, -1.8557734335783183, -0.026279760331073824, -0.25], [1.17, -1.6088788213948622, 0.0, -0.4309254626373418], [-1.18, -1.9156092710813057, -0.09834948598495677, -0.13428453868215676], [1.4697859527189956, -2.0, 0.0, -0.08750849133772613], [-1.024807739995537, -1.7466719628746548, 0.0927223048202868, -0.2995093648156194], [1.388590168336033, -1.6735616445066488, 0.12919597264604363, -0.37182238651516575], [-1.18, -1.9395194183661477, 0.25, -0.12019893684337865], [1.3264146291702745, -2.0, 0.25, -0.11576729218815025], [-0.35, 1.583840561595528, -0.3390674234641792, 0.5], [-1.18, -1.5504501267584596, 0.5, -0.5], [1.17, -1.8115531027450573, 0.5, -0.25], [-1.18, -2.0, 0.5, -0.22386840709728478], [1.17, -1.9671376783298455, 0.5, -0.097179026673781], [-0.35, 1.59, -0.25, 0.4818535129507567], [-0.35, 1.59, 0.18376852314615977, 0.47832295241570877], [-0.76, 2.0, -0.25, 0.11228630642714092], [1.4363269370528067, 1.8949542201228122, -0.40875859589888563, 0.17466889940923078], [-1.18, 1.5753078573390755, -0.2767323798575565, 0.5], [1.17, 2.0, -0.39242117360182155, 0.25], [-1.18, 2.0, -0.07779021945707165, 0.10178699525493036], [1.59, 2.0, -0.08185294145273621, 0.11451164215455223], [-1.18, 1.8529925702341459, -0.19315169451935196, 0.26425842373515396], [1.17, 1.8171915153695937, -0.14406874686702612, 0.25], [-1.18, 1.9924437796623036, 0.25, 0.08030841090449677], [1.17, 2.0, 0.25, 0.058170786376097544], [-1.1184228699994447, 1.8387696086794378, 0.05225175952187731, 0.25], [1.4640242972968749, 1.2597136683275858, 0.10905445557151522, 0.5], [-0.09174513299927543, 1.562900596494406, 0.5, 0.5], [-0.76, 2.0, 0.3025330020514107, 0.06665432794393811], [1.17, 2.0, 0.45880926041189196, 0.08790062115004034], [-0.76, 2.0, 0.3422064247450589, 0.2932555241032166], [1.1792619117391299, 1.8111802075696413, 0.5, 0.25], [-0.76, -1.5307744429156855, -0.35398918452215955, -0.5], [1.59, -1.6359470824099527, -0.29851146277630636, -0.39923629032737856], [-0.76, -2.0, -0.2557173323822221, -0.05120660660340005], [1.59, -2.0, -0.25, -0.05447458864259926], [-0.76, -1.761520189300143, -0.10005767689669402, -0.28167484209359334], [1.59, -1.7980416165996138, 0.0, -0.25], [-0.76, -1.953044514854217, -0.22850414938290817, -0.13456809608120834], [1.59, -2.0, 0.0, -0.05768871930910465], [-0.25407968616474935, 1.9962639816986016, -0.30294819349589097, 0.16502374954382296], [-0.4651600051179697, -1.8037123801822617, 0.23860355653389498, -0.25], [1.836754225003699, -1.2360297233477704, 0.24951682613499734, -0.25], [-0.76, -1.9859484578597035, 0.19881124739816028, -0.07509807137473078], [1.8384271855530667, -1.317442186893748, 0.25, -0.08950511611111187], [1.8487833345643425, -1.5060919438308988, 0.25, 0.13819006947494236], [1.831633877628579, -1.0, 0.25, 0.4398634837961557], [-0.291547353910632, 1.59, -0.25, 0.5], [-0.76, -1.5503586199563648, 0.5, -0.5], [1.8165022927101653, -1.2284695941644044, 0.27217619937896836, -0.25], [-0.76, -2.0, 0.5, -0.06255160788368705], [1.616635140465554, -1.0215271337121912, 0.5, 0.0], [1.615661861582428, -1.0, 0.5, 0.25], [1.7826474897460758, -1.495849221908014, 0.5, 0.5], [-0.35, 1.8237263828590675, -0.14108517973131438, 0.25], [1.8592431948217572, 0.0, 0.2291429831565377, -0.25], [-0.4547352970108811, 0.0, 0.030600803762544756, -0.011729417864779407], [1.8396464057133664, -1.0, 0.25, -0.0789293067671478], [-0.5043259874423566, -0.13427961972463268, 0.03484470498701888, 0.010052556190839562], [1.8745313191478667, -0.7087299287487966, 0.21190384934005962, 0.15317875715247756], [1.9280974711385006, -0.9403829706320297, 0.14631584390002292, 0.3085536088483509], [-0.35, 1.7583101966486303, -0.21532608127888608, 0.31511690308814855], [1.6142990869241185, -0.02659142274275393, 0.5, -0.36038733639874976], [1.8404827151686733, -1.0, 0.25, 0.0], [1.8418922085612888, -0.9286467206954078, 0.25, 0.10636184632692687], [1.8365601371779292, -0.7788464573123094, 0.25, 0.25], [1.6538581411789535, 1.0, -0.013972424209007657, 0.34234506556463984], [-0.35, 2.0, 0.23688178114105432, 0.0697081134446678], [1.938980772157752, 0.1304182699518487, 0.13882236910970194, -0.25], [-0.35, 0.14434151268730827, 0.02435337523273887, -0.03562867381310176], [1.8418454013240841, 0.0, 0.2498844589629407, -0.06400577484880873], [1.8667439910539045, 0.7099331212521955, 0.21428903937206117, 0.22115933103123692], [2.0, 0.7442963719653418, 0.1775392557345966, 0.40788547755404003], [0.01826802145702555, 1.59, 0.12500839309587447, 0.4822169388290549], [1.8410328505844995, 0.06717231796822258, 0.25, -0.25], [1.8417390214664608, 0.0, 0.25, -0.06458074179335449], [1.8397906521723861, 0.0, 0.25, 0.12937643385743253], [1.7837593241357501, 0.40724105026527013, 0.3080846222554916, 0.25], [-0.76, 2.0, -0.5, 0.11606865940108682], [1.59, 2.0, -0.25, 0.1587108212752881], [-0.76, 1.8902489584082593, -0.3570588409504396, 0.25], [1.59, 1.7189205154090048, -0.5, 0.3665391595047191], [-0.76, 1.9898577959489114, -0.06456931132383552, 0.13394510213249092], [1.662096321407212, 2.0, 0.0, 0.12895081315276044], [-0.76, 2.0, -0.23673797278269507, 0.25], [1.6538581411789526, 1.0, -0.013972424209007702, 0.3423450655646394], [-0.35, 1.9638078501677436, 0.29143453525218443, 0.10538230373156025], [1.9230145855578977, 1.0, 0.15948122653545863, -0.33763757625867574], [2.0, 1.3653195601151775, 0.06421665081371877, -0.08946294357582518], [-0.76, 1.9923916362776422, 0.25, 0.07880617692751443], [1.9896618056213067, 1.0380882769714532, 0.07594617050688975, 0.0], [-0.76, 1.5686434323297451, 0.25, 0.5], [2.0, 1.2793836727849726, 0.05611737331240759, 0.33247673540978195], [-0.35, 1.59, 0.5, 0.4741694276315694], [1.810034614373332, 1.0, 0.2873197626504566, -0.25957320180308], [1.8447377966953051, 1.0, 0.25, -0.25], [-0.76, 1.9698466153843694, 0.32056923493210393, 0.09957011318634253], [1.7559935648551819, 1.0, 0.341999267498261, 0.13016153601244865], [-0.76, 2.0, 0.2952026233424123, 0.25287585353037334], [1.83173836956442, 1.2717750030563133, 0.25, 0.5]]

Index: 7
Counterexamples: [[-0.35, -1.7795045376890641, -0.4825662127858369, -0.2973359502806167], [-1.59, -1.623834422518808, -0.25, -0.25], [0.35, -1.79183904725664, -0.26351068157323276, -0.25], [-2.0, -1.688714392792516, -0.30058666423022506, -0.05748816468308134], [0.35, -1.7920429890885206, -0.25, -0.25], [-2.0, -2.0, -0.25, 0.060489382273125177], [-1.832675577713039, -1.8198417664317659, -0.25, 0.46900791302337336], [-0.35, -2.0, -0.3016151545041015, -0.07262501081074682], [-1.8225211252780995, -1.829914043594068, -0.24208468996134982, -0.307731040254024], [0.35, -1.537067202916769, 0.0, -0.5], [-1.59, -1.7922920464980812, -0.2448688478014553, -0.25], [0.5355365765801015, -1.8940113161544283, -0.1821795262984214, -0.1535132274246695], [-2.0, -1.1367219264407362, -0.0895830753702791, 0.14842965074664666], [-1.9212271081717505, -1.5680159981666357, -0.18615003116427029, 0.4471829997234725], [-1.59, -1.8032456464277795, 0.24173746608740126, -0.25], [0.35, -1.6647637294945246, 0.25, -0.38304671912830274], [-1.8588525622548802, -2.0, 0.20042215871690827, -0.0700663956839796], [0.35, -2.0, 0.1475473280898983, -0.25], [-1.9260339119127647, -1.7695505504879485, 0.42929810244438016, -0.2891732134035002], [0.35, -1.7004232505582104, 0.42733522374703964, -0.3542513249638861], [-1.59, -2.0, 0.5, -0.06772467571972426], [0.35, -1.9869061678227398, 0.45182917437494446, -0.07644077908641594], [-0.35, -1.59, -0.25, -0.5], [-1.7534272606676427, -0.5737670009383705, -0.3306297814893276, -0.25], [-1.8372706022501453, 0.0, -0.25, -0.03541028988738284], [-1.6124654012653912, -0.27594160102697873, -0.5, 0.25], [-1.831717007072204, -0.7934458602684908, -0.25, 0.4252361903941385], [-0.35, -2.0, -0.1618743756380355, -0.12168700466058677], [-2.0, 0.0, -0.055338796925516014, -0.25], [-1.9040902953568566, 0.0, -0.17440618028033147, -0.07006811883513148], [-1.837165786682509, -0.33190884352903616, -0.25, 0.25], [-2.0, -0.6120146748349773, -0.10453166674933198, 0.28732758770697575], [-2.0, -1.0, 0.0, -0.499548531671907], [-0.35, -1.783231123365808, 0.242849577185238, -0.2696635008842803], [-1.9779341621407114, 0.2772360873356466, -0.25, -0.3707247096113514], [-2.0, 0.6427097193931727, -0.3481179279203368, -0.2022465563094563], [-1.837812199196334, 0.0, -0.25, 0.17057737097236084], [-1.8276525077996002, 0.9876291982127541, -0.25295889181399694, 0.32088755717679807], [-0.35, -2.0, 0.25, -0.10288739917794869], [-1.9222006323405953, 1.0, -0.1369724907750739, -0.3794627334827165], [-1.8372706022501542, 0.0, -0.25, -0.03541028988739245], [-2.0, 0.7512905816507963, -0.0689024611399236, 0.1112172726525148], [-1.917707287912276, 1.0, -0.15550609996119094, 0.25], [-1.59, 0.8209489718908846, 0.07568514465483885, 0.39982860432406003], [-0.35, -1.7945443342700045, 0.25, -0.2620839915622318], [-1.82512712388665, 1.0, -0.25, -0.37312472583536677], [-1.752376214945772, 1.249112483754283, -0.3453464884193283, 0.0], [-1.8381065209314467, 1.2720059621968633, -0.25, 0.02332133302329437], [0.35, 2.0, -0.25, 0.10776613400434944], [-1.7725241713157807, 1.0, -0.3102551728083783, 0.5], [0.76, 1.94966772329483, -0.25446393354763197, 0.5], [-0.35, -2.0, 0.4402874379452901, -0.06284094008646786], [-1.9624726160485066, 1.0, -0.09453213145464562, -0.3123422320931723], [-2.0, 1.353997337058966, -0.09934397901750058, -0.0017360302817441553], [-1.9785622566631698, 1.2740113256723324, -0.0907685814700039, 0.11704381435046661], [0.35, 2.0, -0.14016412955543947, 0.1128832898177825], [-1.970735051676769, 1.2014609872255055, -0.0934918677321662, 0.25], [0.76, 1.6387269356248755, -0.005439935181491221, 0.25], [-2.0, 1.921442448578319, 0.13124897988841175, 0.15622714737320106], [0.6960621386440486, 2.0, 0.19523765182383065, 0.06655081453149712], [-1.59, 2.0, 0.11155057319177576, 0.3708287181911449], [0.35, 1.8827351256378067, 0.25, 0.25], [-2.0, 2.0, 0.375588870896312, 0.06929234213715459], [0.607120272686634, 2.0, 0.5, 0.09281162798195433], [-2.0, 1.8596229549675454, 0.25426396054606176, 0.25], [0.35, 1.8827351256378067, 0.25, 0.25], [-0.1503876604500671, -1.59, -0.5, -0.4828252220553166], [-1.18, -1.8210739879051316, -0.25, -0.25], [0.76, -1.7569329550558652, -0.25, -0.2837375819569643], [-1.59, -2.0, -0.25, -0.05117954636188312], [0.76, -2.0, -0.25, -0.12257618769337432], [-1.59, -1.1798271621484029, -0.5, 0.30017984691421074], [-1.3960683120938098, -1.3983863277816537, -0.06243373504294325, -0.2916148482250941], [0.76, -1.7941749534727482, 0.0, -0.25307626503759467], [-1.59, -1.912042900954405, -0.06532531806493122, -0.13816743455028077], [0.76, -2.0, -0.22035915846757917, -0.06699608345834324], [-1.18, -1.799145235178464, 0.1265831561310846, -0.25], [0.76, -1.8042181969951248, 0.2351902235264769, -0.25], [-1.4658947914501093, -1.9926481703899834, 0.19914520404388975, -0.06801530677942896], [1.17, -2.0, 0.25, -0.09906893408122609], [-1.59, -1.806494247398111, 0.336363319242511, -0.25], [0.9197780490657793, -1.8113844608768228, 0.5, -0.25], [-1.59, -2.0, 0.5, -0.146197998830155], [0.76, -1.9794406098087727, 0.45746681787226673, -0.08419009144143197], [-0.35, -1.59, 0.0, -0.44862336326602775], [-1.59, -1.0, -0.5, -0.5], [-0.35, -1.5427246473240246, 0.25, -0.5], [-1.59, 0.8000695727519498, 0.07656038235318474, 0.4009964541864623], [-0.35, -1.59, 0.3418084301879464, -0.478173961206713], [-1.18, 2.0, -0.3734994889345794, 0.11764826460590352], [0.76, 2.0, -0.25, 0.0986809146271066], [-1.59, 1.7102300452600332, -0.5, 0.3806325133068033], [0.9821143854209675, 1.790459309402724, -0.25081570438500966, 0.2777119283543176], [-1.59, 1.9188337272502174, 0.0, 0.2156145353715667], [1.17, 2.0, -0.05951183840638793, 0.12507747983216133], [-1.59, 1.7100286136741893, -0.25, 0.368460533893474], [1.17, 1.6015681300167248, -0.022172534571881564, 0.36467551902048206], [-1.59, 2.0, 0.23165899231058873, 0.07450221913096751], [0.76, 2.0, 0.2089139780767294, 0.06492313169742141], [-1.4865045357832565, 2.0, 0.20153930267552425, 0.4480052090776682], [0.76, 1.7211651929873977, 0.25, 0.5], [-1.59, 1.917385356437152, 0.5, 0.15365853210045816], [0.76, 2.0, 0.25, 0.061214054826989425], [-1.505303200121107, 1.8674810625626486, 0.4603478761443737, 0.4915751370666415], [0.76, 2.0, 0.25, 0.2578097185759559], [-1.18, -2.0, -0.25, -0.26058578922337233], [1.17, -1.7875983427954185, -0.4586000225535139, -0.25], [-1.122897120473996, -1.7205244505202557, -0.25, -0.0929013117302881], [1.17, -1.923016814966578, -0.25, -0.12476651082988958], [-1.18, -1.8557734335783183, -0.026279760331073824, -0.25], [1.17, -1.6088788213948622, 0.0, -0.4309254626373418], [-1.18, -1.7949867687386005, -0.0870256514883454, -0.25], [1.4671986435959454, -2.0, 0.0, -0.08748372525476121], [-1.18, -1.6176726129399346, 0.1576481605311158, -0.42524596146963645], [1.17, -1.5425877756338122, 0.25, -0.5], [-1.18, -1.9395194183661477, 0.25, -0.12019893684337865], [1.28410035235996, -1.9413975231441438, 0.25, -0.12036309340117192], [-0.35, 1.583840561595528, -0.3390674234641792, 0.5], [-1.18, -1.6600891575494487, 0.42980966286937355, -0.39301356790664016], [1.17, -1.8111935366557261, 0.4867195653756335, -0.25], [-1.18, -2.0, 0.5, -0.22386840709728478], [1.17, -2.0, 0.25, -0.10741731140150332], [-0.35, 1.59, -0.021904370053815833, 0.4801550230094474], [-0.35, 1.59, 0.18376852314615977, 0.47832295241570877], [-0.76, 2.0, -0.25, 0.14307434404437455], [1.17, 2.0, -0.25, 0.08812942367123494], [-1.18, 1.5753078573390755, -0.2767323798575565, 0.5], [1.3499664515401704, 1.625890613574607, -0.26494527499188575, 0.4389322034917431], [-0.76, 2.0, -0.029350788671948434, 0.10421850336856134], [1.59, 2.0, -0.22784933845032643, 0.08556530041295422], [-1.18, 1.8526384930157282, -0.192823761229388, 0.2639576739332788], [1.3558488558449089, 1.5940069899371045, -0.22943305222104626, 0.470479420086334], [-1.18, 2.0, 0.234604129046981, 0.07294416361124108], [1.17, 1.9834831439440532, 0.199338458013942, 0.08130955102852128], [-1.18, 1.5702338240180735, 0.25, 0.5], [1.17, 1.4459965112467073, 0.20290751168244964, 0.39947788765102993], [-0.09174513299927543, 1.562900596494406, 0.5, 0.5], [-1.1255081625764318, 1.9970343320822992, 0.31795225149995165, 0.07133729298258464], [1.17, 2.0, 0.45880926041189196, 0.08790062115004034], [-1.18, 1.7396447813113745, 0.5, 0.33019699462136015], [1.1792619117391299, 1.8111802075696413, 0.5, 0.25], [-0.76, -1.7042618408686998, -0.4457605148576082, -0.4437890414048011], [1.59, -1.6359470824099527, -0.29851146277630636, -0.39923629032737856], [-0.76, -2.0, -0.25528518966786984, -0.0512130385592363], [1.59, -2.0, -0.25, -0.05447458864259913], [-0.76, -1.7951386484082943, -0.055809548399308746, -0.25], [1.59, -1.7980416165996138, 0.0, -0.25], [-0.76, -2.0, -0.1289505833034358, -0.11177049327337724], [1.59, -2.0, 0.0, -0.05768871930910465], [-0.35, 2.0, -0.25, 0.16485758471295545], [-0.4651600051179697, -1.8037123801822617, 0.23860355653389498, -0.25], [1.836754225003699, -1.2360297233477704, 0.24951682613499734, -0.25], [-0.76, -1.8803284533936115, 0.25, -0.20159954485982298], [1.8384271855530654, -1.3174421868937476, 0.25, -0.08950511611111184], [1.8475177942348249, -1.5029444705736126, 0.25, 0.13645988022681171], [1.831633877628579, -1.0, 0.25, 0.4398634837961557], [-0.291547353910632, 1.59, -0.25, 0.5], [-0.76, -1.5503586199563648, 0.5, -0.5], [1.6118516216621492, -1.1513538531547498, 0.5, -0.2504623809839188], [-0.76, -2.0, 0.5, -0.06255160788368762], [1.616635140465554, -1.0215271337121912, 0.5, 0.0], [1.615661861582428, -1.0, 0.5, 0.25], [1.7826474897458644, -1.4958492219080168, 0.5, 0.5], [-0.35, 1.8237263828590675, -0.14108517973131438, 0.25], [1.8592431948217572, 0.0, 0.2291429831565377, -0.25], [1.8681711374698862, -1.0, 0.2185838889057003, -0.060228262231887916], [2.0, -0.6706839169516591, 0.12467298395786354, 0.1258901395456095], [1.9557878219344722, -0.682481375377886, 0.11540358702685281, 0.26361467391871135], [-0.35, 1.59, -0.025176661211684548, 0.4801834014232386], [1.7271940888018342, -0.44858675226649175, 0.37392904211310074, -0.28444050292914247], [1.8404827151686733, -1.0, 0.25, 0.0], [1.8418911129610358, -0.9291890855605166, 0.25, 0.10639696295742262], [1.8365601371779292, -0.7788464573123094, 0.25, 0.25], [1.6876047318146166, 1.0, 0.0, 0.5], [-0.35, 2.0, 0.21581914201636865, 0.07013965134289649], [1.938980772157752, 0.1304182699518487, 0.13882236910970194, -0.25], [-0.4135039969225657, 0.17242006392844364, 0.026301528869622837, -0.03930127528191226], [1.8720846096826678, 0.0, 0.21608969055618182, 0.0], [1.8667439910539045, 0.7099331212521955, 0.21428903937206117, 0.22115933103123692], [1.9927596384887782, 0.0, 0.06834121179232772, 0.41274355304796345], [-0.1346462265538171, 2.0, 0.037393753420663554, 0.3228702068205478], [1.8410328505844995, 0.06717231796822258, 0.25, -0.25], [1.8417390214664608, 0.0, 0.25, -0.06458074179335449], [1.8397906521723861, 0.0, 0.25, 0.12937643385743253], [1.7831868813805742, 0.4066851996414727, 0.30873358687321395, 0.25], [-0.76, 2.0, -0.25, 0.18134511900465694], [2.0, 2.0, -0.25, 0.183028948617787], [-0.76, 1.8890784911936516, -0.356954996198498, 0.25], [1.59, 1.6965446831341116, -0.5, 0.36996090919601465], [-0.76, 1.9180572122753856, -0.10676964165712574, 0.1706725072707113], [1.59, 2.0, 0.0, 0.19355985848378526], [-0.76, 2.0, -0.23611692210499627, 0.25], [2.0, 1.3054319757008848, -0.0003513181593467912, 0.25], [-0.35, 1.9638078501677436, 0.29143453525218443, 0.10538230373156025], [1.9191933924637474, 1.3110577255297773, 0.16438134426640727, -0.2969038505138251], [2.0, 1.256748104183601, 0.06206292464859731, -0.0036647901728268815], [-0.76, 1.9923916362776422, 0.25, 0.07880617692751443], [1.9896618056213073, 1.0380882769714534, 0.0759461705068901, 0.0], [-0.76, 1.5686434323297451, 0.25, 0.5], [1.59, 1.299258120845845, 0.034573201838621774, 0.3226762806313027], [-0.35, 1.59, 0.5, 0.4741694276315694], [1.70638005830856, 1.1269031703019794, 0.4019001093578884, -0.25], [1.8447377966953051, 1.0, 0.25, -0.25], [-0.7202655475386246, 1.8686241867000624, 0.37990030067741976, 0.25], [1.8377790956960318, 1.0, 0.25, 0.11868254781358178], [-0.76, 1.8854010204355627, 0.25892478547579334, 0.25], [1.8317383695644205, 1.2717750030563155, 0.25, 0.5]]

Index: 8
Counterexamples: [[-0.35, -1.8117667522167558, -0.5, -0.30322890874243424], [-1.59, -1.623834422518808, -0.25, -0.25], [0.35, -1.9831656719412705, -0.3295399792372188, -0.2719292968481713], [-2.0, -1.772675035002874, -0.3339994368339716, -0.08694123680731429], [0.35, -2.0, -0.25, -0.051406294248454804], [-1.8329903332710487, -1.6092585495559222, -0.25174924992707315, 0.0936316867560953], [-1.8327166838498385, -1.5257022892882375, -0.25, 0.45012349117339523], [-0.35, -1.9331317809957278, -0.25, -0.12388188718670015], [-1.8217409673373919, -1.8295145740664693, -0.24293197505169994, -0.30859423982495726], [0.35, -1.537067202916769, 0.0, -0.5], [-2.0, -1.9356711496301777, -0.08522852431817429, -0.11998920296876106], [0.35, -2.0, -0.23157414241432284, -0.21004284873281634], [-2.0, -1.9352938363432954, -0.07595469891458065, 0.15170533993082133], [-1.954079970923045, -1.8337812435130585, -0.20653446550865948, 0.49131585364605507], [-1.59, -1.8032456464277795, 0.24173746608740126, -0.25], [0.35, -1.6647637294945246, 0.25, -0.38304671912830274], [-1.59, -1.821233425171728, 0.23770826672469444, -0.23263262812902538], [0.35, -1.9618897075081296, 0.25, -0.10044502229231571], [-1.9666878280260207, -1.6793470978323701, 0.4171852006840318, -0.37572141358425654], [0.35, -1.6040344064576897, 0.5, -0.4482153563239475], [-1.59, -2.0, 0.5, -0.06772467571972426], [0.35, -1.9339583286681667, 0.34584489125699475, -0.12948585483541447], [-0.35, -1.59, -0.25, -0.5], [-1.7534778369264692, -0.5748781373822506, -0.33056405485404405, -0.25], [-1.8380930234975987, -0.3890441771732538, -0.3921190822346759, -0.1065269622536309], [-2.0, -0.14154536109620858, -0.35730885112945016, 0.10308143629213054], [-1.831717007072204, -0.7934458602684908, -0.25, 0.4252361903941385], [-0.35, -1.9203067410567438, -0.15357427400025556, -0.15661438301643124], [-2.0, 0.0, -0.05533879692551635, -0.25], [-1.9035693201681698, 0.0, -0.1750042033125355, -0.06978419021250187], [-2.0, -0.8363505120100796, -0.07934704485845362, 0.19660881258897978], [-2.0, -0.6032033791204029, -0.06390244220883214, 0.25], [-2.0, -1.0, 0.0, -0.5], [-0.35, -1.783231123365808, 0.242849577185238, -0.2696635008842803], [-1.825970338964472, 0.0, -0.25, -0.30473693504260513], [-1.8372706022501506, 0.0, -0.25, -0.03541028988738966], [-1.837812199196334, 0.0, -0.25, 0.17057737097236084], [-1.830225891221155, 1.0, -0.25, 0.3216984769241573], [-0.35, -2.0, 0.25, -0.10288739917794869], [-1.8889386068059089, 0.06239803062752876, -0.25, -0.40032841039915745], [-1.837270602250152, 0.0, -0.25, -0.035410289887392324], [-1.9804473320798952, 0.39902978190965643, -0.08956378913776858, 0.15856081644541084], [-1.917707287912276, 1.0, -0.15550609996119094, 0.25], [-1.59, 0.8221152263887224, 0.07523757747526112, 0.39781275452005016], [-0.35, -1.7854241566850444, 0.25, -0.2712439262270954], [-1.82512712388665, 1.0, -0.25, -0.37312472583536677], [-1.751077584315556, 1.2486171252792002, -0.34677208434228723, 0.0], [-1.838101365163407, 1.2631678972049418, -0.25, 0.04146591904315968], [0.43851882317197843, 1.9759337055383202, -0.25, 0.09739823003471244], [-1.7725241713157807, 1.0, -0.3102551728083783, 0.5], [0.76, 1.921654008914533, -0.25, 0.4915726452741083], [-0.35, -2.0, 0.4402874379452901, -0.06284094008646786], [-1.9624726160485066, 1.0, -0.09453213145464563, -0.3123422320931723], [-2.0, 1.3545465059436699, -0.10025372222993534, -0.0021295294270694265], [-1.9785622566631689, 1.2740113256723316, -0.09076858147000379, 0.11704381435046643], [0.35, 1.8768839621970308, -0.1210389641541471, 0.19413632757490884], [-1.975125802634145, 1.206484983116553, -0.08547095430465583, 0.25], [0.76, 1.6353764836033535, -0.006351189907989745, 0.25], [-2.0, 1.921442448578319, 0.13124897988841175, 0.15622714737320106], [0.35, 2.0, 0.20942067050083996, 0.0676326205139511], [-2.0, 1.6331304479214754, 0.20886150158199607, 0.4420837590491834], [0.35, 1.6210043095875566, 0.08409566953229725, 0.44867817177804165], [-2.0, 2.0, 0.3809732748409265, 0.11145544808386065], [0.35, 2.0, 0.4680121787805583, 0.052214086327058165], [-2.0, 1.8596229549675454, 0.25426396054606176, 0.25], [0.35, 1.8827351256378067, 0.25, 0.25], [-0.35, -1.59, -0.4367325631512113, -0.441934550616772], [-1.18, -1.8202753931081914, -0.25, -0.25], [0.76, -1.7603827624998165, -0.25, -0.28043100079809047], [-1.18, -1.6732643689602467, -0.2504642476582847, -0.10757249092386421], [0.76, -2.0, -0.25, -0.12257618769337432], [-1.59, -1.26730474536119, -0.5, 0.30822849736480545], [-1.4001838688306214, -1.4031968031584912, -0.06478177351058967, -0.2966483868891256], [0.76, -1.7941749534727482, 0.0, -0.25307626503759467], [-1.5405874053547752, -2.0, -0.04553047229873985, -0.05482263584423413], [0.76, -1.9273839066049259, -0.11777100528619733, -0.12326027407718909], [-1.4894646269596616, -1.538617343411437, 0.0697082582765497, -0.5], [0.76, -1.8042181969951248, 0.2351902235264769, -0.25], [-1.59, -2.0, 0.25, -0.08428354651494763], [1.17, -2.0, 0.25, -0.10741731140150329], [-1.59, -1.8065072877327448, 0.336811988314652, -0.25], [0.9197780490657793, -1.8113844608768228, 0.5, -0.25], [-1.59, -2.0, 0.5, -0.146197998830155], [0.76, -1.9794406098087727, 0.45746681787226673, -0.08419009144143197], [-0.35, -1.59, -0.25, -0.44448968633110303], [-1.59, -0.8958794118265161, -0.5, -0.5], [-0.35, -1.5427246473240246, 0.25, -0.5], [-1.59, 0.8002589203500121, 0.07613512086946636, 0.40087975724826647], [-0.35, -1.59, 0.34247660616406167, -0.4784570587826349], [-1.18, 2.0, -0.5, 0.1849116375085274], [0.76, 2.0, -0.25, 0.09868091462710672], [-1.59, 2.0, -0.5, 0.5], [0.76, 2.0, -0.4901665116841287, 0.25], [-1.59, 2.0, -0.07569917793148422, 0.08730723727786256], [0.9269745116897572, 1.684128569986032, 0.0, 0.25], [-1.4641234604847024, 1.7568004854275863, -0.042934939329464045, 0.37101186805706265], [1.17, 1.4935468519331676, -0.07537830770949992, 0.2974654253365333], [-1.18, 2.0, 0.23460412904697828, 0.07294416361124072], [0.76, 2.0, 0.25, 0.061214054826989425], [-1.18, 1.876332913702336, 0.25, 0.25], [1.1390884125470608, 1.9520364593829564, 0.07554516627025222, 0.25831550507893114], [-1.387275199703879, 1.9745857701125293, 0.2864382967141155, 0.09847917123736678], [0.76, 2.0, 0.25, 0.061214054826989425], [-1.18, 1.8831594417348851, 0.30890420533179735, 0.25], [1.1300875645293154, 1.7573642409042138, 0.25, 0.30690800297447024], [-1.18, -2.0, -0.25, -0.26058578922337233], [1.17, -1.7875983427954198, -0.458600022553515, -0.25], [-1.1738883323589113, -1.8006874643991073, -0.25, -0.09939141798097961], [1.17, -2.0, -0.3101856968220229, -0.1254980559921732], [-1.18, -1.8548154020075014, -0.026275916948826295, -0.25], [1.17, -1.6088788213948622, 0.0, -0.4309254626373418], [-1.18, -1.9306886361866915, -0.12330031283807491, -0.13733063437592657], [1.5589785930189575, -1.9727070686185262, -0.03724634993076037, -0.08258750406726992], [-0.9664327795559319, -1.5411088108232307, 0.19389802241164553, -0.5], [1.5824029774042638, -1.6878149182117208, 0.21718838617679254, -0.3604847635606621], [-1.18, -1.7991452351784716, 0.12658315613108734, -0.25], [1.4767289190408057, -1.9811692405404377, 0.07422669716947124, -0.07715408712572273], [-0.35, 1.583840561595528, -0.3390674234641792, 0.5], [-1.0043230465854462, -1.6803247614678827, 0.42451060605714214, -0.38287199341368483], [1.17, -1.8115531027450573, 0.5, -0.25], [-1.18, -2.0, 0.5, -0.06310549317644878], [1.17, -2.0, 0.25, -0.10741731140150332], [-0.35, 1.59, 0.0, 0.47996506091645774], [-0.35, 1.59, 0.18376852314615977, 0.47832295241570877], [-1.0524396461267465, 1.827147181214949, -0.31932299340212483, 0.18270265859662935], [1.17, 2.0, -0.25, 0.1295554196289529], [-1.18, 1.8395844729306354, -0.25850107661349037, 0.3498451022073527], [1.17, 2.0, -0.39330969232971785, 0.25], [-1.18, 2.0, -0.10589633073050513, 0.11599923754410166], [1.59, 2.0, -0.08185294145273621, 0.11451164215455223], [-0.76, 1.5700947771477065, -0.018714846584382713, 0.4237159549776662], [1.59, 1.037092244452951, -0.013512895415546494, 0.33855505574927186], [-1.18, 2.0, 0.234604129046981, 0.07294416361124108], [1.17, 1.9514391557351953, 0.25, 0.11274956006293994], [-1.18, 1.876332913702336, 0.25, 0.25], [1.17, 1.453957243251521, 0.1830014919662195, 0.5], [-0.09174513299927543, 1.562900596494406, 0.5, 0.5], [-1.18, 1.9110003565518578, 0.26873765523687315, 0.17425422090785592], [1.17, 2.0, 0.45880926041189196, 0.08790062115004034], [-1.012296147889223, 1.7828473533625258, 0.3827691314401636, 0.3338844502761652], [1.1792619117391299, 1.8111802075696413, 0.5, 0.25], [-0.76, -1.5305467231764451, -0.5, -0.49804309724321233], [1.59, -1.6359470824099527, -0.29851146277630636, -0.39923629032737856], [-0.76, -2.0, -0.2551241445173582, -0.05121543553426639], [1.59, -2.0, -0.25, -0.052233620506548416], [-0.76, -1.5323553076434389, -0.25, -0.5], [1.59, -1.7980416165996138, 0.0, -0.25], [-0.76, -1.9504755849057336, -0.14132249031440933, -0.09959287520088145], [1.59, -2.0, 0.0, -0.05768871930910423], [0.35, 2.0, -0.40075681450599543, 0.18397485146358247], [-0.4651600051179697, -1.8037123801822617, 0.23860355653389498, -0.25], [1.8367542250036983, -1.2360297233477697, 0.24951682613499745, -0.25], [-0.76, -1.8794874218366298, 0.25, -0.20174392551108453], [1.8384271855530667, -1.317442186893748, 0.25, -0.08950511611111187], [1.9865733510057197, -1.3898591453277775, 0.10643412259100106, 0.10147231224290651], [1.868698374048122, -1.0, 0.20984820278462546, 0.3876773222637531], [-0.291547353910632, 1.59, -0.25, 0.5], [-0.76, -1.5503586199563648, 0.5, -0.5], [1.8243948769123497, -1.2003807286337866, 0.26299269549464005, -0.31164135276997146], [-0.76, -2.0, 0.5, -0.06255160788368762], [1.616635140465554, -1.0215271337121912, 0.5, 0.0], [1.615661861582428, -1.0, 0.5, 0.25], [1.7826474897459703, -1.4958492219080013, 0.5, 0.5], [-0.35, 2.0, -0.11026039918974612, 0.13879111671379343], [1.8454834922467032, -0.6522165312066159, 0.24147622693615856, -0.25], [1.9606556832904123, -0.212619232465469, 0.11473461580649216, -0.16877052671308695], [2.0, -0.5386393831573977, 0.13198520046248696, 0.12530721578017245], [1.8752036380226096, -0.7437109847095569, 0.20627503492868177, 0.25], [-0.35, 1.59, -0.02604067063664717, 0.4801908944047001], [1.6142990869241185, -0.02659142274275393, 0.5, -0.36038733639874976], [1.8404827151686733, -1.0, 0.25, 0.0], [1.8418944632221845, -0.9275305755952622, 0.25, 0.10628957900729914], [1.8365601371779292, -0.7788464573123094, 0.25, 0.25], [1.6640005720615014, 1.0, -0.005075959676641309, 0.5], [-0.35, 2.0, 0.21581914201636865, 0.07013965134289649], [1.9389807721577528, 0.13041826995184932, 0.13882236910970194, -0.25], [1.8421320481298522, 0.6861672726931886, 0.25, -0.07585207280466649], [1.8667439910539039, 0.7099331212521979, 0.21428903937206117, 0.22115933103123664], [1.995762801486339, 0.0, 0.07788259086042175, 0.292189604591788], [-0.35, 1.7680966696895117, 0.20684141417980298, 0.34854845003185586], [1.8410328505844995, 0.06717231796822258, 0.25, -0.25], [1.8417411705879507, 0.0, 0.25, -0.06406011075184663], [1.8397906521723861, 0.0, 0.25, 0.12937643385743253], [1.7832058172419878, 0.4072475439936516, 0.3087107607591338, 0.25], [-0.76, 1.9223260290496815, -0.25, 0.15495237757876065], [2.0, 2.0, -0.25, 0.183028948617787], [-0.7115772217204074, 1.900364350500905, -0.3578565818151903, 0.25], [1.59, 1.563757507555196, -0.39803898170882684, 0.5], [-0.35, 1.8242235675277692, -0.2288444179110988, 0.25], [1.59, 2.0, -0.13606508023751582, 0.14984357425985592], [-0.76, 2.0, -0.23292280007215146, 0.25], [1.6200178562329268, 1.0, -0.015442399553598841, 0.3267441065837102], [-0.35, 1.9638078501677436, 0.29143453525218443, 0.10538230373156025], [1.9690838299833842, 1.0, 0.10637302210288663, -0.2887157755189111], [2.0, 1.2579468549101693, 0.06205859581827919, -0.003742217807472159], [-0.76, 2.0, 0.17598678497717005, 0.09359596012462046], [1.9896838793643314, 1.0390407647654119, 0.07591350752010265, 0.0], [-0.76, 1.5686434323297451, 0.25, 0.5], [1.9882548322740843, 1.0, 0.03531575889195369, 0.42177740507738737], [-0.35, 1.59, 0.5, 0.4741694276315694], [1.8010594707227257, 1.3032117057528583, 0.29867570669389115, -0.3967881340173389], [1.8411676997816449, 1.0, 0.25, -0.006415453859875847], [-0.76, 1.9698466153843683, 0.3205692349321088, 0.09957011318634272], [1.7273057455988845, 1.2323953853804903, 0.37675545995303067, 0.005560478165623439], [-0.76, 1.5655570038028208, 0.4460134214692355, 0.5], [1.83173836956442, 1.2717750030563133, 0.25, 0.5]]

Index: 9
Counterexamples: [[-0.35, -1.7759257297001652, -0.4283825050977761, -0.26230549508388346], [-1.59, -1.623834422518808, -0.25, -0.25], [0.6758165118821114, -1.8354446301269207, -0.28399945912584695, -0.25], [-1.5995053376845914, -2.0, -0.4893263808741773, -0.19647269115763302], [0.35, -2.0, -0.25, -0.1231900564183517], [-1.8344839077886337, -1.5714412811143985, -0.25, 0.08870960030461604], [-1.8327162254348315, -1.5257924192811942, -0.25, 0.45013855085869614], [-0.35, -1.9963345694760444, -0.30073057911063533, -0.07188274470797774], [-1.821759460140039, -1.8295240430608255, -0.24291189107236164, -0.30857377861001845], [0.35, -1.537067202916769, 0.0, -0.5], [-1.59, -1.918934646277091, -0.10666357456539326, -0.13110776013531866], [0.4991188359111659, -2.0, -0.15021293072455869, -0.08787412647357085], [-2.0, -1.2475815140968016, -0.06288900915545886, 0.030513545791317927], [-2.0, -1.9547774084569876, -0.19003707146854523, 0.4778512493451653], [-1.59, -1.8032456464277795, 0.24173746608740126, -0.25], [0.35, -1.6647637294945246, 0.25, -0.38304671912830274], [-2.0, -1.895649808167023, 0.07075521639417677, -0.15926783895755825], [0.35, -2.0, 0.1475473280898983, -0.25], [-1.59, -1.8055504988993183, 0.30718933403126625, -0.25], [0.35, -1.6040344064576897, 0.5, -0.4482153563239475], [-1.59, -1.969925659834105, 0.5, -0.093592291452094], [0.48414242936243623, -2.0, 0.5, -0.06773334790606353], [-0.35, -1.59, -0.25, -0.5], [-1.753477836926466, -0.5748781373822476, -0.33056405485404666, -0.25], [-2.0, -0.4565140169247851, -0.40559138377332826, -0.10524936797855622], [-1.8583792247809972, -0.7809612778271613, -0.36735858227887286, 0.00796600389269061], [-1.831717007072204, -0.7934458602684908, -0.25, 0.4252361903941385], [-0.35, -1.8544379923191958, 0.0, -0.19421088168787334], [-2.0, 0.0, -0.05533879692551635, -0.25], [-1.9035693201681698, 0.0, -0.17500420331253538, -0.0697841902124992], [-1.964308822482343, -0.8473408214936965, -0.10971756739535182, 0.18348373336893192], [-2.0, -0.6381075884408696, -0.06239477826283404, 0.27018830053664894], [-1.9410536282314572, -1.0, 0.0, -0.5], [-0.35, -1.783231123365808, 0.242849577185238, -0.2696635008842803], [-1.7182249694371443, 0.2668111074165746, -0.3696881976785232, -0.3749646050080097], [-1.7862292795998247, 0.0, -0.37304268862942724, -0.23651064581590497], [-1.8378121991963352, 0.0, -0.25, 0.1705773709723609], [-1.830225891221155, 1.0, -0.25, 0.3216984769241573], [-0.35, -2.0, 0.25, -0.10288739917794869], [-1.8220050936414254, 0.6218600497773416, -0.25, -0.4106419273921197], [-2.0, 0.0, -0.17720408558601913, -0.06792346764247745], [-2.0, 0.04724151999683956, -0.11781633174859696, 0.18645735706760574], [-1.917707287912276, 1.0, -0.15550609996119094, 0.25], [-1.59, 0.7663123428091736, 0.15881610811460825, 0.4598214913356186], [-0.35, -1.7934740052351448, 0.25, -0.26087794088232047], [-1.82512712388665, 1.0, -0.25, -0.37312472583536677], [-1.6111135141007795, 1.1949813955767954, -0.5, 0.0], [-1.838101365163407, 1.2631678972049418, -0.25, 0.04146591904315968], [0.35, 2.0, -0.25, 0.10776613400434944], [-1.7725241713157793, 1.0, -0.31025517280838, 0.5], [0.76, 1.9258102498878558, -0.25, 0.4915164191620455], [-0.35, -2.0, 0.4402874379452901, -0.06284094008646786], [-1.9624726160485066, 1.0, -0.09453213145464563, -0.3123422320931723], [-1.913701087594731, 1.3127250880184627, -0.16660463573610693, 0.0], [-1.9259278944674, 1.268825994109241, -0.19317650129876635, 0.1133767186117676], [0.35, 2.0, -0.07310698105609527, 0.1311883945202102], [-1.9676850430673687, 1.2038226321995025, -0.09409262360731033, 0.25], [0.76, 1.6368491439537922, -0.005566505533522555, 0.25], [-2.0, 1.921442448578319, 0.13124897988841175, 0.15622714737320106], [0.35, 2.0, 0.25, 0.08107080480272806], [-2.0, 1.5735170259948006, 0.25, 0.5], [0.35, 1.6138303123521907, 0.12128298541986762, 0.5], [-2.0, 2.0, 0.3755888708963122, 0.06929234213715457], [0.76, 1.9694249586621575, 0.2713953620539443, 0.14303290555048181], [-1.59, 2.0, 0.37722288753209005, 0.26931674099530917], [0.7241811078649569, 1.8388262542643605, 0.25, 0.34567645878430625], [-0.35, -1.59, -0.4529426595066417, -0.44169915258400505], [-1.18, -1.8207292040181577, -0.25, -0.25], [0.76, -1.7569329550558652, -0.25, -0.2837375819569643], [-1.59, -2.0, -0.25, -0.05117954636188312], [0.76, -2.0, -0.25, -0.12257618769337432], [-1.59, -1.2358289008097223, -0.5, 0.2773805951473768], [-1.3988117571913046, -1.401492551467314, -0.0636151492189957, -0.2949340770796296], [0.76, -1.7941749534727482, 0.0, -0.25307626503759467], [-1.59, -1.9966971397679545, -0.2474219648658328, -0.1983704956142577], [0.76, -2.0, 0.0, -0.09191835202765003], [-1.18, -1.7991452351784716, 0.12658315613108734, -0.25], [0.76, -1.8042181969951248, 0.2351902235264769, -0.25], [-1.4511421714702784, -1.9793660013353984, 0.20203451979318296, -0.08061522060624765], [1.17, -2.0, 0.25, -0.11442507574679958], [-1.59, -1.5435400105401371, 0.2558916659432539, -0.5], [0.9197780490657793, -1.8113844608768228, 0.5, -0.25], [-1.59, -2.0, 0.5, -0.146197998830155], [0.9078875034524777, -1.976820458649376, 0.45956933354551177, -0.08691279164100629], [-0.35, -1.59, -0.25, -0.4688735655322716], [-1.5897752431900196, -1.0, -0.5, -0.48199338532318214], [-0.35, -1.5427246473240246, 0.25, -0.5], [-1.59, 0.8011927798342438, 0.07568485378665325, 0.40065983472458006], [-0.35, -1.59, 0.34206575577602205, -0.4784069629232144], [-1.18, 2.0, -0.25, 0.1389343423025909], [0.76, 2.0, -0.25, 0.0986809146271066], [-1.59, 1.6287060001584803, -0.5, 0.40945003134142877], [0.76, 1.9307665238642828, -0.25, 0.4800337621701091], [-1.59, 1.8887447775183, -0.21015136243565852, 0.20196393551757566], [0.76, 2.0, -0.06601862095716839, 0.12091288652874381], [-1.59, 1.710491611034094, -0.25, 0.3680018469670974], [1.17, 1.4935129464633756, -0.07428287938735906, 0.2989912854507367], [-1.59, 2.0, 0.2367166769907773, 0.0743254427993346], [0.76, 2.0, 0.25, 0.061214054826989425], [-1.422515421890695, 1.6245114850848839, 0.20575598918406152, 0.44827647701799006], [1.17, 1.4150514420603741, 0.0, 0.27943976577204943], [-1.59, 2.0, 0.37481043860777713, 0.06775380348223502], [0.76, 2.0, 0.25, 0.061214054826989425], [-1.18, 1.8831594417348851, 0.30890420533179735, 0.25], [1.0629080478902293, 1.5607325725521728, 0.3117175798942833, 0.5], [-1.18, -2.0, -0.25, -0.26058578922337233], [1.17, -1.7875983427954083, -0.4586000225535296, -0.25], [-1.18, -1.8073332410315173, -0.25, -0.10192199878246325], [1.17, -1.923016814966576, -0.25, -0.12476651082988963], [-1.18, -1.8553311919859488, -0.026277986168832763, -0.25], [1.17, -1.6088788213948622, 0.0, -0.4309254626373418], [-1.18, -1.8699640860888742, -0.09443655664356465, -0.17782048929930774], [1.4642122383347174, -2.0, 0.0, -0.08745513896802508], [-0.76, -1.803015043044744, 0.22241535437906226, -0.25], [1.17, -1.717907572790491, 0.25, -0.3326947126742881], [-1.18, -2.0, 0.25, -0.12640207709644968], [1.4775066263533763, -1.9811641198096361, 0.07423954317328275, -0.07715985754116783], [-0.35, 1.583840561595528, -0.3390674234641792, 0.5], [-1.18, -1.5888002079843635, 0.5, -0.46314747205346474], [1.17, -1.8115531027450573, 0.5, -0.25], [-1.18, -2.0, 0.5, -0.22386840709728478], [1.17, -2.0, 0.25, -0.10741731140150332], [0.1732462303524842, 1.5693642397080183, -0.25, 0.5], [-0.14736287735637546, 1.5672777008063916, 0.19010805171137837, 0.5], [-1.18, 2.0, -0.25, 0.1389343423025909], [1.17, 2.0, -0.294850935636556, 0.08814681531755651], [-1.18, 1.5753078573390755, -0.2767323798575565, 0.5], [1.2961162139568942, 1.6981906486529927, -0.3343965177532026, 0.3679634217834103], [-1.18, 2.0, -0.14147112755519733, 0.13244036776107357], [1.59, 1.8957319700485251, -0.25, 0.17155582361623362], [-1.18, 1.8538487760050422, -0.18890835774841047, 0.25001520901104834], [1.5198050472152114, 1.222552035280025, -0.0421616388831196, 0.38742582521314983], [-0.76, 1.9923916362776433, 0.25, 0.07880617692751428], [1.17, 1.8188284046369254, 0.19105594251266014, 0.25], [-1.18, 1.590034161233058, 0.0, 0.4609236371855059], [1.17, 1.7079565065805116, 0.2152177031854639, 0.377884487273465], [-0.09174513299927543, 1.562900596494406, 0.5, 0.5], [-1.18, 2.0, 0.32379730157537256, 0.06802017391870885], [1.17, 2.0, 0.45880926041189196, 0.08790062115004034], [-0.76, 1.8007481113818726, 0.3061664504155799, 0.27003110545934506], [1.1792619117391299, 1.8111802075696413, 0.5, 0.25], [-0.76, -1.6429105885896442, -0.4019801052497684, -0.3913981627433988], [1.59, -1.528445520441059, -0.44419621990775976, -0.5], [-0.76, -2.0, -0.2551241445173582, -0.051215435534266815], [1.59, -2.0, -0.25, -0.054474588642599214], [-0.76, -1.5427849312018957, -0.1316732305461752, -0.4916747059352567], [1.59, -1.7980416165996131, 0.0, -0.25], [-0.35, -2.0, -0.049728269425899314, -0.05461951498320287], [1.59, -2.0, -0.1055012812908881, -0.06695103117974027], [-0.35, 2.0, -0.46580088082612253, 0.10650237794305614], [-0.4651600051179697, -1.8037123801822617, 0.23860355653389498, -0.25], [1.836754225003699, -1.2360297233477704, 0.24951682613499734, -0.25], [-0.76, -2.0, 0.03513355005093622, -0.05626634166914983], [1.8384271855530654, -1.3174421868937476, 0.25, -0.08950511611111184], [1.8421639471359867, -1.5625644422456342, 0.25, 0.16287519472113418], [1.8331327136755509, -1.0, 0.25, 0.3690061973549764], [-0.291547353910632, 1.59, -0.25, 0.5], [-0.76, -1.5503586199563648, 0.5, -0.5], [1.6118516216621492, -1.1513538531547498, 0.5, -0.2504623809839183], [-0.76, -2.0, 0.5, -0.06255160788368805], [1.616635140465554, -1.0215271337121912, 0.5, 0.0], [1.6156618615824234, -1.0, 0.5, 0.25], [1.7826474897461062, -1.4958492219080002, 0.5, 0.5], [-0.35, 2.0, -0.11026039918974612, 0.13879111671379343], [1.8592431948217572, 0.0, 0.2291429831565377, -0.25], [1.8573147944438093, -0.5532432676317064, 0.2320561723642271, -0.0593767324302773], [1.8402834122687215, -0.603675257088907, 0.25, 0.15944786224982777], [1.9256741304358365, -0.6893753338964308, 0.15020718936131564, 0.25], [-0.3211841314045897, 1.8235974368506198, -0.14071539911230727, 0.25], [1.7275894058580856, -0.45012764678366235, 0.37348613909835804, -0.28416262687567734], [1.8404827151686733, -1.0, 0.25, 0.0], [1.8418962276896664, -0.9266570953590005, 0.25, 0.10623302356893007], [1.8365601371779292, -0.7788464573123094, 0.25, 0.25], [1.9918576980587297, 0.8556886952715653, -0.008015239035301493, 0.4453734766791681], [-0.35, 2.0, 0.21581914201636865, 0.07013965134289649], [1.9389807721577528, 0.13041826995184932, 0.13882236910970194, -0.25], [1.8720846096826684, 0.0, 0.21608969055618155, 0.0], [1.8667439910539039, 0.7099331212521979, 0.21428903937206117, 0.22115933103123664], [1.8688002107054609, 0.0, 0.2120085196637425, 0.25], [-0.038965784767144185, 1.6709875265816028, 0.12795416284978686, 0.470159682306848], [1.8410328505844995, 0.06717231796822258, 0.25, -0.25], [1.8417390214664608, 0.0, 0.25, -0.06458074179335449], [1.8397906521723866, 0.0, 0.25, 0.12937643385743253], [1.7825395848589347, 0.4062819865847812, 0.30946684848321393, 0.25], [-0.76, 2.0, -0.25, 0.14307434404437452], [2.0, 2.0, -0.25, 0.183028948617787], [-0.7061078754822296, 1.904939858687073, -0.358251262811911, 0.25], [1.6600386825762314, 1.461203638539611, -0.25, 0.43429121822476696], [-0.76, 1.9189975479983348, -0.10672542983020437, 0.1705725664016616], [2.0, 2.0, -0.25, 0.08515484782771604], [-0.76, 2.0, -0.2340300384024593, 0.25], [2.0, 1.3008575494957382, -0.0021409137115424477, 0.25], [-0.35, 1.9638078501677436, 0.29143453525218443, 0.10538230373156025], [1.9230145855578977, 1.0, 0.15948122653545863, -0.33763757625867574], [2.0, 1.2577237003449608, 0.06205940165574487, -0.0037278041935641677], [-0.76, 1.9923916362776422, 0.25, 0.07880617692751443], [1.9896786615970747, 1.0388156167414142, 0.07592122836123025, 0.0], [-0.76, 1.5686434323297451, 0.25, 0.5], [1.6349651571760744, 1.4005679716783956, 0.11227428119759325, 0.3312603220458916], [-0.35, 1.59, 0.5, 0.4741694276315694], [1.6827762166162068, 1.0491034485558528, 0.42781905981790314, -0.25], [1.8447377966953051, 1.0, 0.25, -0.25], [-0.76, 1.9047270155179956, 0.5, 0.16329325518206422], [1.8377790956960318, 1.0, 0.25, 0.11868254781358178], [-0.76, 1.8854010204355618, 0.2589247854757932, 0.25], [1.83173836956442, 1.2717750030563133, 0.25, 0.5]]

Index: 10
Counterexamples: [[-0.35, -1.7759257297001652, -0.4283825050977761, -0.26230549508388346], [-1.59, -1.623834422518808, -0.25, -0.25], [0.6758165118821114, -1.8354446301269207, -0.28399945912584695, -0.25], [-1.5995053376845914, -2.0, -0.4893263808741773, -0.19647269115763302], [0.35, -2.0, -0.25, -0.1231900564183517], [-1.8344839077886337, -1.5714412811143985, -0.25, 0.08870960030461604], [-1.8327162254348315, -1.5257924192811942, -0.25, 0.45013855085869614], [-0.35, -1.9963345694760444, -0.30073057911063533, -0.07188274470797774], [-1.821759460140039, -1.8295240430608255, -0.24291189107236164, -0.30857377861001845], [0.35, -1.537067202916769, 0.0, -0.5], [-1.59, -1.918934646277091, -0.10666357456539326, -0.13110776013531866], [0.4991188359111659, -2.0, -0.15021293072455869, -0.08787412647357085], [-2.0, -1.2475815140968016, -0.06288900915545886, 0.030513545791317927], [-2.0, -1.9547774084569876, -0.19003707146854523, 0.4778512493451653], [-1.59, -1.8032456464277795, 0.24173746608740126, -0.25], [0.35, -1.6647637294945246, 0.25, -0.38304671912830274], [-2.0, -1.895649808167023, 0.07075521639417677, -0.15926783895755825], [0.35, -2.0, 0.1475473280898983, -0.25], [-1.59, -1.8055504988993183, 0.30718933403126625, -0.25], [0.35, -1.6040344064576897, 0.5, -0.4482153563239475], [-1.59, -1.969925659834105, 0.5, -0.093592291452094], [0.48414242936243623, -2.0, 0.5, -0.06773334790606353], [-0.35, -1.59, -0.25, -0.5], [-1.753477836926466, -0.5748781373822476, -0.33056405485404666, -0.25], [-2.0, -0.4565140169247851, -0.40559138377332826, -0.10524936797855622], [-1.8583792247809972, -0.7809612778271613, -0.36735858227887286, 0.00796600389269061], [-1.831717007072204, -0.7934458602684908, -0.25, 0.4252361903941385], [-0.35, -1.8544379923191958, 0.0, -0.19421088168787334], [-2.0, 0.0, -0.05533879692551635, -0.25], [-1.9035693201681698, 0.0, -0.17500420331253538, -0.0697841902124992], [-1.964308822482343, -0.8473408214936965, -0.10971756739535182, 0.18348373336893192], [-2.0, -0.6381075884408696, -0.06239477826283404, 0.27018830053664894], [-1.9410536282314572, -1.0, 0.0, -0.5], [-0.35, -1.783231123365808, 0.242849577185238, -0.2696635008842803], [-1.7182249694371443, 0.2668111074165746, -0.3696881976785232, -0.3749646050080097], [-1.7862292795998247, 0.0, -0.37304268862942724, -0.23651064581590497], [-1.8378121991963352, 0.0, -0.25, 0.1705773709723609], [-1.830225891221155, 1.0, -0.25, 0.3216984769241573], [-0.35, -2.0, 0.25, -0.10288739917794869], [-1.8220050936414254, 0.6218600497773416, -0.25, -0.4106419273921197], [-2.0, 0.0, -0.17720408558601913, -0.06792346764247745], [-2.0, 0.04724151999683956, -0.11781633174859696, 0.18645735706760574], [-1.917707287912276, 1.0, -0.15550609996119094, 0.25], [-1.59, 0.7663123428091736, 0.15881610811460825, 0.4598214913356186], [-0.35, -1.7934740052351448, 0.25, -0.26087794088232047], [-1.82512712388665, 1.0, -0.25, -0.37312472583536677], [-1.6111135141007795, 1.1949813955767954, -0.5, 0.0], [-1.838101365163407, 1.2631678972049418, -0.25, 0.04146591904315968], [0.35, 2.0, -0.25, 0.10776613400434944], [-1.7725241713157793, 1.0, -0.31025517280838, 0.5], [0.76, 1.9258102498878558, -0.25, 0.4915164191620455], [-0.35, -2.0, 0.4402874379452901, -0.06284094008646786], [-1.9624726160485066, 1.0, -0.09453213145464563, -0.3123422320931723], [-1.913701087594731, 1.3127250880184627, -0.16660463573610693, 0.0], [-1.9259278944674, 1.268825994109241, -0.19317650129876635, 0.1133767186117676], [0.35, 2.0, -0.07310698105609527, 0.1311883945202102], [-1.9676850430673687, 1.2038226321995025, -0.09409262360731033, 0.25], [0.76, 1.6368491439537922, -0.005566505533522555, 0.25], [-2.0, 1.921442448578319, 0.13124897988841175, 0.15622714737320106], [0.35, 2.0, 0.25, 0.08107080480272806], [-2.0, 1.5735170259948006, 0.25, 0.5], [0.35, 1.6138303123521907, 0.12128298541986762, 0.5], [-2.0, 2.0, 0.3755888708963122, 0.06929234213715457], [0.76, 1.9694249586621575, 0.2713953620539443, 0.14303290555048181], [-1.59, 2.0, 0.37722288753209005, 0.26931674099530917], [0.7241811078649569, 1.8388262542643605, 0.25, 0.34567645878430625], [-0.35, -1.59, -0.4529426595066417, -0.44169915258400505], [-1.18, -1.8207292040181577, -0.25, -0.25], [0.76, -1.7569329550558652, -0.25, -0.2837375819569643], [-1.59, -2.0, -0.25, -0.05117954636188312], [0.76, -2.0, -0.25, -0.12257618769337432], [-1.59, -1.2358289008097223, -0.5, 0.2773805951473768], [-1.3988117571913046, -1.401492551467314, -0.0636151492189957, -0.2949340770796296], [0.76, -1.7941749534727482, 0.0, -0.25307626503759467], [-1.59, -1.9966971397679545, -0.2474219648658328, -0.1983704956142577], [0.76, -2.0, 0.0, -0.09191835202765003], [-1.18, -1.7991452351784716, 0.12658315613108734, -0.25], [0.76, -1.8042181969951248, 0.2351902235264769, -0.25], [-1.4511421714702784, -1.9793660013353984, 0.20203451979318296, -0.08061522060624765], [1.17, -2.0, 0.25, -0.11442507574679958], [-1.59, -1.5435400105401371, 0.2558916659432539, -0.5], [0.9197780490657793, -1.8113844608768228, 0.5, -0.25], [-1.59, -2.0, 0.5, -0.146197998830155], [0.9078875034524777, -1.976820458649376, 0.45956933354551177, -0.08691279164100629], [-0.35, -1.59, -0.25, -0.4688735655322716], [-1.5897752431900196, -1.0, -0.5, -0.48199338532318214], [-0.35, -1.5427246473240246, 0.25, -0.5], [-1.59, 0.8011927798342438, 0.07568485378665325, 0.40065983472458006], [-0.35, -1.59, 0.34206575577602205, -0.4784069629232144], [-1.18, 2.0, -0.25, 0.1389343423025909], [0.76, 2.0, -0.25, 0.0986809146271066], [-1.59, 1.6287060001584803, -0.5, 0.40945003134142877], [0.76, 1.9307665238642828, -0.25, 0.4800337621701091], [-1.59, 1.8887447775183, -0.21015136243565852, 0.20196393551757566], [0.76, 2.0, -0.06601862095716839, 0.12091288652874381], [-1.59, 1.710491611034094, -0.25, 0.3680018469670974], [1.17, 1.4935129464633756, -0.07428287938735906, 0.2989912854507367], [-1.59, 2.0, 0.2367166769907773, 0.0743254427993346], [0.76, 2.0, 0.25, 0.061214054826989425], [-1.422515421890695, 1.6245114850848839, 0.20575598918406152, 0.44827647701799006], [1.17, 1.4150514420603741, 0.0, 0.27943976577204943], [-1.59, 2.0, 0.37481043860777713, 0.06775380348223502], [0.76, 2.0, 0.25, 0.061214054826989425], [-1.18, 1.8831594417348851, 0.30890420533179735, 0.25], [1.0629080478902293, 1.5607325725521728, 0.3117175798942833, 0.5], [-1.18, -2.0, -0.25, -0.26058578922337233], [1.17, -1.7875983427954083, -0.4586000225535296, -0.25], [-1.18, -1.8073332410315173, -0.25, -0.10192199878246325], [1.17, -1.923016814966576, -0.25, -0.12476651082988963], [-1.18, -1.8553311919859488, -0.026277986168832763, -0.25], [1.17, -1.6088788213948622, 0.0, -0.4309254626373418], [-1.18, -1.8699640860888742, -0.09443655664356465, -0.17782048929930774], [1.4642122383347174, -2.0, 0.0, -0.08745513896802508], [-0.76, -1.803015043044744, 0.22241535437906226, -0.25], [1.17, -1.717907572790491, 0.25, -0.3326947126742881], [-1.18, -2.0, 0.25, -0.12640207709644968], [1.4775066263533763, -1.9811641198096361, 0.07423954317328275, -0.07715985754116783], [-0.35, 1.583840561595528, -0.3390674234641792, 0.5], [-1.18, -1.5888002079843635, 0.5, -0.46314747205346474], [1.17, -1.8115531027450573, 0.5, -0.25], [-1.18, -2.0, 0.5, -0.22386840709728478], [1.17, -2.0, 0.25, -0.10741731140150332], [0.1732462303524842, 1.5693642397080183, -0.25, 0.5], [-0.14736287735637546, 1.5672777008063916, 0.19010805171137837, 0.5], [-1.18, 2.0, -0.25, 0.1389343423025909], [1.17, 2.0, -0.294850935636556, 0.08814681531755651], [-1.18, 1.5753078573390755, -0.2767323798575565, 0.5], [1.2961162139568942, 1.6981906486529927, -0.3343965177532026, 0.3679634217834103], [-1.18, 2.0, -0.14147112755519733, 0.13244036776107357], [1.59, 1.8957319700485251, -0.25, 0.17155582361623362], [-1.18, 1.8538487760050422, -0.18890835774841047, 0.25001520901104834], [1.5198050472152114, 1.222552035280025, -0.0421616388831196, 0.38742582521314983], [-0.76, 1.9923916362776433, 0.25, 0.07880617692751428], [1.17, 1.8188284046369254, 0.19105594251266014, 0.25], [-1.18, 1.590034161233058, 0.0, 0.4609236371855059], [1.17, 1.7079565065805116, 0.2152177031854639, 0.377884487273465], [-0.09174513299927543, 1.562900596494406, 0.5, 0.5], [-1.18, 2.0, 0.32379730157537256, 0.06802017391870885], [1.17, 2.0, 0.45880926041189196, 0.08790062115004034], [-0.76, 1.8007481113818726, 0.3061664504155799, 0.27003110545934506], [1.1792619117391299, 1.8111802075696413, 0.5, 0.25], [-0.76, -1.6429105885896442, -0.4019801052497684, -0.3913981627433988], [1.59, -1.528445520441059, -0.44419621990775976, -0.5], [-0.76, -2.0, -0.2551241445173582, -0.051215435534266815], [1.59, -2.0, -0.25, -0.054474588642599214], [-0.76, -1.5427849312018957, -0.1316732305461752, -0.4916747059352567], [1.59, -1.7980416165996131, 0.0, -0.25], [-0.35, -2.0, -0.049728269425899314, -0.05461951498320287], [1.59, -2.0, -0.1055012812908881, -0.06695103117974027], [-0.35, 2.0, -0.46580088082612253, 0.10650237794305614], [-0.4651600051179697, -1.8037123801822617, 0.23860355653389498, -0.25], [1.836754225003699, -1.2360297233477704, 0.24951682613499734, -0.25], [-0.76, -2.0, 0.03513355005093622, -0.05626634166914983], [1.8384271855530654, -1.3174421868937476, 0.25, -0.08950511611111184], [1.8421639471359867, -1.5625644422456342, 0.25, 0.16287519472113418], [1.8331327136755509, -1.0, 0.25, 0.3690061973549764], [-0.291547353910632, 1.59, -0.25, 0.5], [-0.76, -1.5503586199563648, 0.5, -0.5], [1.6118516216621492, -1.1513538531547498, 0.5, -0.2504623809839183], [-0.76, -2.0, 0.5, -0.06255160788368805], [1.616635140465554, -1.0215271337121912, 0.5, 0.0], [1.6156618615824234, -1.0, 0.5, 0.25], [1.7826474897461062, -1.4958492219080002, 0.5, 0.5], [-0.35, 2.0, -0.11026039918974612, 0.13879111671379343], [1.8592431948217572, 0.0, 0.2291429831565377, -0.25], [1.8573147944438093, -0.5532432676317064, 0.2320561723642271, -0.0593767324302773], [1.8402834122687215, -0.603675257088907, 0.25, 0.15944786224982777], [1.9256741304358365, -0.6893753338964308, 0.15020718936131564, 0.25], [-0.3211841314045897, 1.8235974368506198, -0.14071539911230727, 0.25], [1.7275894058580856, -0.45012764678366235, 0.37348613909835804, -0.28416262687567734], [1.8404827151686733, -1.0, 0.25, 0.0], [1.8418962276896664, -0.9266570953590005, 0.25, 0.10623302356893007], [1.8365601371779292, -0.7788464573123094, 0.25, 0.25], [1.9918576980587297, 0.8556886952715653, -0.008015239035301493, 0.4453734766791681], [-0.35, 2.0, 0.21581914201636865, 0.07013965134289649], [1.9389807721577528, 0.13041826995184932, 0.13882236910970194, -0.25], [1.8720846096826684, 0.0, 0.21608969055618155, 0.0], [1.8667439910539039, 0.7099331212521979, 0.21428903937206117, 0.22115933103123664], [1.8688002107054609, 0.0, 0.2120085196637425, 0.25], [-0.038965784767144185, 1.6709875265816028, 0.12795416284978686, 0.470159682306848], [1.8410328505844995, 0.06717231796822258, 0.25, -0.25], [1.8417390214664608, 0.0, 0.25, -0.06458074179335449], [1.8397906521723866, 0.0, 0.25, 0.12937643385743253], [1.7825395848589347, 0.4062819865847812, 0.30946684848321393, 0.25], [-0.76, 2.0, -0.25, 0.14307434404437452], [2.0, 2.0, -0.25, 0.183028948617787], [-0.7061078754822296, 1.904939858687073, -0.358251262811911, 0.25], [1.6600386825762314, 1.461203638539611, -0.25, 0.43429121822476696], [-0.76, 1.9189975479983348, -0.10672542983020437, 0.1705725664016616], [2.0, 2.0, -0.25, 0.08515484782771604], [-0.76, 2.0, -0.2340300384024593, 0.25], [2.0, 1.3008575494957382, -0.0021409137115424477, 0.25], [-0.35, 1.9638078501677436, 0.29143453525218443, 0.10538230373156025], [1.9230145855578977, 1.0, 0.15948122653545863, -0.33763757625867574], [2.0, 1.2577237003449608, 0.06205940165574487, -0.0037278041935641677], [-0.76, 1.9923916362776422, 0.25, 0.07880617692751443], [1.9896786615970747, 1.0388156167414142, 0.07592122836123025, 0.0], [-0.76, 1.5686434323297451, 0.25, 0.5], [1.6349651571760744, 1.4005679716783956, 0.11227428119759325, 0.3312603220458916], [-0.35, 1.59, 0.5, 0.4741694276315694], [1.6827762166162068, 1.0491034485558528, 0.42781905981790314, -0.25], [1.8447377966953051, 1.0, 0.25, -0.25], [-0.76, 1.9047270155179956, 0.5, 0.16329325518206422], [1.8377790956960318, 1.0, 0.25, 0.11868254781358178], [-0.76, 1.8854010204355618, 0.2589247854757932, 0.25], [1.83173836956442, 1.2717750030563133, 0.25, 0.5]]